date,name,symbol,current,percent,chg,exchange,value,rank_change
2025-12-18,英伟达,NVDA,175.455,2.6413,4.515,NASDAQ,86694.0,0
2025-12-18,鹭燕医药,SZ002788,13.9,9.97,1.26,SZ,79425.0,1
2025-12-18,C沐曦-U,SH688802,787.04,-5.16,-42.86,SH,78811.0,-1
2025-12-18,英维克,SZ002837,94.15,1.29,1.2,SZ,65503.0,0
2025-12-18,美光科技,MU,254.35,12.7838,28.83,NASDAQ,60740.0,2
2025-12-18,中国卫星,SH600118,56.31,6.61,3.49,SH,59957.0,-1
2025-12-18,平潭发展,SZ000592,14.7,6.37,0.88,SZ,58426.0,-1
2025-12-18,航天电子,SH600879,17.28,1.65,0.28,SH,51454.0,0
2025-12-18,国机重装,SH601399,5.22,-1.88,-0.1,SH,50926.0,0
2025-12-18,摩尔线程-U,SH688795,705.71,-1.27,-9.09,SH,49017.0,0
2025-12-18,顺灏股份,SZ002565,16.69,10.02,1.52,SZ,46912.0,0
2025-12-18,东芯股份,SH688110,119.94,7.0,7.85,SH,46777.0,0
2025-12-18,特斯拉,TSLA,488.47,4.5392,21.21,NASDAQ,46654.0,0
2025-12-18,天银机电,SZ300342,29.33,16.53,4.16,SZ,43231.0,0
2025-12-18,金陵药业,SZ000919,7.37,6.35,0.44,SZ,41382.0,3
2025-12-18,中金公司,SH601995,36.18,3.7,1.29,SH,40656.0,0
2025-12-18,甲骨文,ORCL,180.74,1.2776,2.28,NYSE,40572.0,-2
2025-12-18,合富中国,SH603122,30.01,9.33,2.56,SH,40527.0,-1
2025-12-18,赛微电子,SZ300456,65.68,7.96,4.84,SZ,37042.0,0
2025-12-18,小米集团-W,01810,40.2,-2.47,-1.02,HK,35127.0,0
2025-12-18,臻镭科技,SH688270,115.9,4.42,4.91,SH,33983.0,1
2025-12-18,美年健康,SZ002044,6.02,10.05,0.55,SZ,32887.0,4
2025-12-18,贵州茅台,SH600519,1431.0,-0.15,-2.1,SH,32578.0,2
2025-12-18,永辉超市,SH601933,5.49,2.04,0.11,SH,32408.0,0
2025-12-18,飞龙股份,SZ002536,29.65,7.47,2.06,SZ,32296.0,-2
2025-12-18,西部材料,SZ002149,34.29,10.01,3.12,SZ,31957.0,1
2025-12-18,阿里巴巴,BABA,148.35,0.8566,1.26,NYSE,31355.0,1
2025-12-18,航天发展,SZ000547,21.45,1.9,0.4,SZ,31162.0,2
2025-12-18,谷歌A,GOOGL,302.9894,2.1129,6.2694,NASDAQ,30485.0,0
2025-12-18,中际旭创,SZ300308,571.2,-3.18,-18.78,SZ,29806.0,1
2025-12-18,拼多多,PDD,106.63,1.5524,1.63,NASDAQ,29715.0,-10
2025-12-18,九牧王,SH601566,15.44,9.97,1.4,SH,29327.0,1
2025-12-18,紫金矿业,SH601899,30.97,0.32,0.1,SH,29038.0,-1
2025-12-18,卫宁健康,SZ300253,9.5,11.11,0.95,SZ,28087.0,3
2025-12-18,乾照光电,SZ300102,24.87,2.51,0.61,SZ,28055.0,-1
2025-12-18,泡泡玛特,09992,193.2,-1.28,-2.5,HK,27707.0,0
2025-12-18,新易盛,SZ300502,425.5,-4.62,-20.6,SZ,27239.0,-2
2025-12-18,五粮液,SZ000858,110.43,-0.35,-0.39,SZ,27151.0,0
2025-12-18,华人健康,SZ301408,21.84,20.0,3.64,SZ,26762.0,0
2025-12-18,博纳影业,SZ001330,10.81,9.97,0.98,SZ,26458.0,0
2025-12-18,南京商旅,SH600250,14.62,10.01,1.33,SH,25992.0,0
2025-12-18,特朗普媒体科技,DJT,14.05,34.1929,3.58,NASDAQ,25459.0,21
2025-12-18,航天机电,SH600151,18.98,4.75,0.86,SH,25112.0,-1
2025-12-18,*ST铖昌,SZ001270,74.4,5.0,3.54,SZ,24931.0,-1
2025-12-18,阳光电源,SZ300274,161.31,-4.83,-8.19,SZ,24696.0,2
2025-12-18,中国中免,SH601888,76.5,-4.04,-3.22,SH,24639.0,-2
2025-12-18,兆易创新,SH603986,214.45,6.07,12.27,SH,24633.0,1
2025-12-18,长飞光纤,SH601869,108.05,10.0,9.82,SH,24550.0,-3
2025-12-18,工业富联,SH601138,58.28,-5.24,-3.22,SH,24498.0,-3
2025-12-18,百大集团,SH600865,17.4,9.99,1.58,SH,23450.0,-1
2025-12-18,上海机场,SH600009,33.11,7.12,2.2,SH,22581.0,0
2025-12-18,胜宏科技,SZ300476,290.3,-4.56,-13.86,SZ,22485.0,-2
2025-12-18,西测测试,SZ301306,117.5,12.35,12.92,SZ,22196.0,1
2025-12-18,航天动力,SH600343,36.5,0.83,0.3,SH,22125.0,-2
2025-12-18,中国平安,SH601318,68.5,0.66,0.45,SH,21890.0,-2
2025-12-18,阿里巴巴-W,09988,144.1,-1.3,-1.9,HK,21878.0,0
2025-12-18,通宇通讯,SZ002792,32.43,2.34,0.74,SZ,21390.0,0
2025-12-18,华菱线缆,SZ001208,21.25,2.16,0.45,SZ,20998.0,0
2025-12-18,长芯博创,SZ300548,140.84,4.85,6.51,SZ,20985.0,-4
2025-12-18,招商银行,SH600036,42.37,2.05,0.85,SH,20872.0,-1
2025-12-18,再升科技,SH603601,9.6,6.08,0.55,SH,20535.0,1
2025-12-18,淳中科技,SH603516,196.98,-5.89,-12.32,SH,20459.0,-2
2025-12-18,联特科技,SZ301205,178.4,2.53,4.4,SZ,20135.0,-2
2025-12-18,上海瀚讯,SZ300762,35.66,3.66,1.26,SZ,20026.0,0
2025-12-18,奕东电子,SZ301123,59.2,12.16,6.42,SZ,19650.0,0
2025-12-18,比亚迪,SZ002594,93.53,-1.76,-1.68,SZ,19539.0,0
2025-12-18,龙洲股份,SZ002682,9.85,1.86,0.18,SZ,19122.0,1
2025-12-18,腾讯控股,00700,605.0,0.0,0.0,HK,19091.0,-1
2025-12-18,超捷股份,SZ301005,92.85,0.09,0.08,SZ,18941.0,2
2025-12-18,利群股份,SH601366,6.04,10.02,0.55,SH,18636.0,2
2025-12-18,天孚通信,SZ300394,218.81,0.47,1.03,SZ,18598.0,-1
2025-12-18,浙江世宝,SZ002703,15.92,10.02,1.45,SZ,18534.0,1
2025-12-18,寒武纪-U,SH688256,1287.0,-2.17,-28.6,SH,18388.0,-4
2025-12-18,万科A,SZ000002,4.87,-1.81,-0.09,SZ,18247.0,0
2025-12-18,伊利股份,SH600887,28.97,0.42,0.12,SH,17921.0,2
2025-12-18,东兴证券,SH601198,14.44,9.98,1.31,SH,17849.0,2
2025-12-18,ST人福,SH600079,18.3,1.1,0.2,SH,17834.0,-1
2025-12-18,谷歌C,GOOG,304.36,2.1137,6.3,NASDAQ,17679.0,-3
2025-12-18,赛力斯,SH601127,119.5,-1.69,-2.05,SH,17409.0,0
2025-12-18,兴业银锡,SZ000426,34.78,-0.49,-0.17,SZ,17332.0,0
2025-12-18,东百集团,SH600693,17.21,2.93,0.49,SH,17223.0,0
2025-12-18,天齐锂业,SZ002466,52.1,-1.96,-1.04,SZ,17028.0,0
2025-12-18,*ST正平,SH603843,4.7,-5.05,-0.25,SH,16858.0,0
2025-12-18,中国移动,SH600941,101.9,-0.4,-0.41,SH,16711.0,1
2025-12-18,海峡创新,SZ300300,16.4,16.39,2.31,SZ,16709.0,-1
2025-12-18,江波龙,SZ301308,258.54,2.89,7.26,SZ,16613.0,2
2025-12-18,万华化学,SH600309,75.54,1.78,1.32,SH,16234.0,-1
2025-12-18,铂力特,SH688333,96.85,13.67,11.65,SH,15754.0,0
2025-12-18,博通,AVGO,328.6066,0.79,2.587,NASDAQ,15702.0,0
2025-12-18,麦格米特,SZ002851,80.2,-3.13,-2.59,SZ,15428.0,2
2025-12-18,赣锋锂业,SZ002460,62.49,-0.79,-0.5,SZ,15291.0,0
2025-12-18,山东黄金,SH600547,37.09,2.52,0.91,SH,15202.0,1
2025-12-18,中国海油,SH600938,28.57,1.13,0.32,SH,15016.0,2
2025-12-18,漱玉平民,SZ301017,18.04,20.03,3.01,SZ,14984.0,3
2025-12-18,宁德时代,SZ300750,372.0,-2.98,-11.42,SZ,14883.0,1
2025-12-18,天际股份,SZ002759,33.57,-3.34,-1.16,SZ,14865.0,-2
2025-12-18,中钨高新,SZ000657,27.21,-4.56,-1.3,SZ,14688.0,-8
2025-12-18,国投白银LOF,SZ161226,2.332,4.62,0.103,SZ,14473.0,2
2025-12-18,三羊马,SZ001317,53.5,-6.47,-3.7,SZ,14384.0,0
2025-12-18,国盾量子,SH688027,494.0,-1.21,-6.06,SH,14359.0,29
2025-12-19,平潭发展,SZ000592,13.6,-7.48,-1.1,SZ,89544.0,0
2025-12-19,中国中免,SH601888,82.81,8.25,6.31,SH,74857.0,1
2025-12-19,鹭燕医药,SZ002788,15.29,10.0,1.39,SZ,74622.0,-1
2025-12-19,美光科技,MU,248.55,10.212,23.03,NASDAQ,72979.0,0
2025-12-19,金陵药业,SZ000919,7.71,4.61,0.34,SZ,66204.0,0
2025-12-19,永辉超市,SH601933,5.76,4.92,0.27,SH,65618.0,0
2025-12-19,英伟达,NVDA,174.14,1.872,3.2,NASDAQ,60309.0,0
2025-12-19,国机重装,SH601399,5.57,6.7,0.35,SH,58620.0,0
2025-12-19,C沐曦-U,SH688802,715.6,-9.08,-71.44,SH,51922.0,0
2025-12-19,特朗普媒体科技,DJT,14.86,41.9293,4.39,NASDAQ,47942.0,0
2025-12-19,东百集团,SH600693,17.04,-0.99,-0.17,SH,47536.0,2
2025-12-19,海南发展,SZ002163,14.54,9.98,1.32,SZ,47179.0,-1
2025-12-19,特斯拉,TSLA,483.37,3.4478,16.11,NASDAQ,44871.0,-1
2025-12-19,合富中国,SH603122,29.1,-3.03,-0.91,SH,42076.0,0
2025-12-19,航天发展,SZ000547,22.3,3.96,0.85,SZ,41884.0,0
2025-12-19,摩尔线程-U,SH688795,664.1,-5.9,-41.61,SH,41687.0,0
2025-12-19,中国卫星,SH600118,58.72,4.28,2.41,SH,36842.0,1
2025-12-19,藏格矿业,SZ000408,79.8,6.56,4.91,SZ,36624.0,2
2025-12-19,东芯股份,SH688110,115.97,-3.31,-3.97,SH,36395.0,-2
2025-12-19,美年健康,SZ002044,6.07,0.83,0.05,SZ,36239.0,-1
2025-12-19,XD贵州茅,SH600519,1410.0,0.21,2.96,SH,34999.0,0
2025-12-19,航天电子,SH600879,18.07,4.57,0.79,SH,34891.0,0
2025-12-19,英维克,SZ002837,91.13,-3.21,-3.02,SZ,34247.0,0
2025-12-19,西部材料,SZ002149,37.72,10.0,3.43,SZ,33939.0,0
2025-12-19,雪人集团,SZ002639,20.34,10.01,1.85,SZ,33103.0,0
2025-12-19,*ST铖昌,SZ001270,70.68,-5.0,-3.72,SZ,29799.0,2
2025-12-19,九牧王,SH601566,16.98,9.97,1.54,SH,29682.0,3
2025-12-19,顺灏股份,SZ002565,16.58,-0.66,-0.11,SZ,29637.0,-1
2025-12-19,赛微电子,SZ300456,63.39,-3.49,-2.29,SZ,29545.0,-3
2025-12-19,南京商旅,SH600250,14.6,-0.14,-0.02,SH,29514.0,-1
2025-12-19,阿里巴巴,BABA,147.32,0.1564,0.23,NYSE,26302.0,0
2025-12-19,小米集团-W,01810,40.54,0.85,0.34,HK,25391.0,0
2025-12-19,浙江世宝,SZ002703,17.51,9.99,1.59,SZ,25129.0,1
2025-12-19,飞龙股份,SZ002536,28.68,-3.27,-0.97,SZ,25076.0,-1
2025-12-19,国盾量子,SH688027,485.2,-1.78,-8.8,SH,24915.0,1
2025-12-19,再升科技,SH603601,10.39,8.23,0.79,SH,24787.0,3
2025-12-19,臻镭科技,SH688270,112.99,-2.51,-2.91,SH,24665.0,-2
2025-12-19,航天动力,SH600343,38.62,5.81,2.12,SH,24608.0,-1
2025-12-19,百大集团,SH600865,18.01,3.51,0.61,SH,24509.0,-1
2025-12-19,新易盛,SZ300502,434.3,2.07,8.8,SZ,24092.0,1
2025-12-19,天银机电,SZ300342,28.58,-2.56,-0.75,SZ,23750.0,-1
2025-12-19,罗牛山,SZ000735,9.53,6.01,0.54,SZ,23129.0,1
2025-12-19,五粮液,SZ000858,110.53,0.09,0.1,SZ,22417.0,-1
2025-12-19,博纳影业,SZ001330,10.07,-6.85,-0.74,SZ,22174.0,0
2025-12-19,泡泡玛特,09992,192.9,-0.16,-0.3,HK,21765.0,0
2025-12-19,淳中科技,SH603516,197.95,0.49,0.97,SH,21691.0,0
2025-12-19,江波龙,SZ301308,243.97,-5.64,-14.57,SZ,21068.0,1
2025-12-19,紫金矿业,SH601899,31.12,0.48,0.15,SH,21005.0,-1
2025-12-19,阿里巴巴-W,09988,145.3,0.83,1.2,HK,20972.0,1
2025-12-19,兆易创新,SH603986,210.21,-1.98,-4.24,SH,20738.0,1
2025-12-19,胜宏科技,SZ300476,287.88,-0.83,-2.42,SZ,20676.0,1
2025-12-19,卫宁健康,SZ300253,9.18,-3.37,-0.32,SZ,20634.0,-3
2025-12-19,阳光电源,SZ300274,164.05,1.7,2.74,SZ,20008.0,0
2025-12-19,华人健康,SZ301408,23.09,5.72,1.25,SZ,19969.0,0
2025-12-19,甲骨文,ORCL,180.03,0.8797,1.57,NYSE,19846.0,0
2025-12-19,长飞光纤,SH601869,115.5,6.89,7.45,SH,19822.0,0
2025-12-19,腾讯控股,00700,614.0,1.49,9.0,HK,19670.0,3
2025-12-19,嘉美包装,SZ002969,6.07,9.96,0.55,SZ,19548.0,0
2025-12-19,中际旭创,SZ300308,571.7,0.09,0.5,SZ,19513.0,0
2025-12-19,招商银行,SH600036,41.99,-0.9,-0.38,SH,19436.0,-3
2025-12-19,赣锋锂业,SZ002460,64.18,2.7,1.69,SZ,18944.0,2
2025-12-19,比亚迪,SZ002594,94.23,0.75,0.7,SZ,18903.0,-1
2025-12-19,谷歌A,GOOGL,302.46,1.9345,5.74,NASDAQ,18881.0,-1
2025-12-19,乾照光电,SZ300102,24.76,-0.44,-0.11,SZ,18794.0,0
2025-12-19,超捷股份,SZ301005,96.74,4.19,3.89,SZ,18752.0,0
2025-12-19,通宇通讯,SZ002792,32.14,-0.89,-0.29,SZ,18635.0,0
2025-12-19,航天机电,SH600151,18.88,-0.53,-0.1,SH,18403.0,0
2025-12-19,豪恩汽电,SZ301488,167.2,18.58,26.2,SZ,18367.0,1
2025-12-19,奕东电子,SZ301123,56.68,-4.26,-2.52,SZ,18068.0,-1
2025-12-19,中国平安,SH601318,68.75,0.36,0.25,SH,17881.0,0
2025-12-19,云铝股份,SZ000807,29.23,6.48,1.78,SZ,17741.0,4
2025-12-19,ST人福,SH600079,19.22,5.03,0.92,SH,17721.0,2
2025-12-19,工业富联,SH601138,58.3,0.03,0.02,SH,17630.0,-2
2025-12-19,药明康德,SH603259,92.47,2.08,1.88,SH,17557.0,-1
2025-12-19,中金公司,SH601995,35.92,-0.72,-0.26,SH,16859.0,-3
2025-12-19,麦格米特,SZ002851,80.46,0.32,0.26,SZ,16730.0,0
2025-12-19,*ST正平,SH603843,4.47,-4.89,-0.23,SH,15968.0,1
2025-12-19,中国移动,SH600941,102.16,0.26,0.26,SH,15950.0,-1
2025-12-19,美团-W,03690,102.7,1.28,1.3,HK,15656.0,0
2025-12-19,中国中免,01880,70.7,6.88,4.55,HK,15642.0,2
2025-12-19,特变电工,SH600089,21.88,1.2,0.26,SH,15551.0,-1
2025-12-19,上海瀚讯,SZ300762,36.44,2.19,0.78,SZ,15221.0,-1
2025-12-19,漱玉平民,SZ301017,18.6,3.1,0.56,SZ,14974.0,0
2025-12-19,长芯博创,SZ300548,139.3,-1.09,-1.54,SZ,14944.0,4
2025-12-19,陕西华达,SZ301517,71.39,9.33,6.09,SZ,14842.0,5
2025-12-19,万科A,SZ000002,4.9,0.62,0.03,SZ,14812.0,1
2025-12-19,天齐锂业,SZ002466,52.9,1.54,0.8,SZ,14755.0,-1
2025-12-19,海天味业,SH603288,37.78,2.08,0.77,SH,14728.0,-4
2025-12-19,赛力斯,SH601127,120.6,0.92,1.1,SH,14727.0,-4
2025-12-19,上海机场,SH600009,33.57,1.39,0.46,SH,14642.0,-1
2025-12-19,天孚通信,SZ300394,214.03,-2.18,-4.78,SZ,14625.0,0
2025-12-19,海峡创新,SZ300300,16.55,0.91,0.15,SZ,14540.0,1
2025-12-19,华菱线缆,SZ001208,21.17,-0.38,-0.08,SZ,14300.0,-1
2025-12-19,海马汽车,SZ000572,8.51,3.15,0.26,SZ,14001.0,0
2025-12-19,兴业银锡,SZ000426,35.33,1.58,0.55,SZ,13797.0,1
2025-12-19,西测测试,SZ301306,119.05,1.32,1.55,SZ,13746.0,-1
2025-12-19,中央商场,SH600280,5.1,8.97,0.42,SH,13734.0,1
2025-12-19,中矿资源,SZ002738,65.88,-0.18,-0.12,SZ,13554.0,0
2025-12-19,七匹狼,SZ002029,11.78,4.62,0.52,SZ,13487.0,0
2025-12-19,伊利股份,SH600887,29.18,0.72,0.21,SH,13329.0,0
2025-12-20,平潭发展,SZ000592,13.6,-7.48,-1.1,SZ,96862.0,0
2025-12-20,英伟达,NVDA,180.99,3.9336,6.85,NASDAQ,56687.0,0
2025-12-20,摩尔线程-U,SH688795,664.1,-5.9,-41.61,SH,44523.0,0
2025-12-20,中国中免,SH601888,82.81,8.25,6.31,SH,42758.0,0
2025-12-20,拼多多,PDD,109.51,3.5164,3.72,NASDAQ,37926.0,2
2025-12-20,东百集团,SH600693,17.04,-0.99,-0.17,SH,37777.0,-1
2025-12-20,金陵药业,SZ000919,7.71,4.61,0.34,SZ,36994.0,-1
2025-12-20,海南发展,SZ002163,14.54,9.98,1.32,SZ,35230.0,0
2025-12-20,美光科技,MU,265.92,6.9885,17.37,NASDAQ,33435.0,0
2025-12-20,永辉超市,SH601933,5.76,4.92,0.27,SH,30022.0,0
2025-12-20,甲骨文,ORCL,191.97,6.6322,11.94,NYSE,29470.0,0
2025-12-20,鹭燕医药,SZ002788,15.29,10.0,1.39,SZ,26808.0,0
2025-12-20,西部材料,SZ002149,37.72,10.0,3.43,SZ,26741.0,2
2025-12-20,藏格矿业,SZ000408,79.8,6.56,4.91,SZ,26722.0,-1
2025-12-20,C沐曦-U,SH688802,715.6,-9.08,-71.44,SH,25485.0,-1
2025-12-20,阿里巴巴,BABA,149.79,1.6766,2.47,NYSE,21617.0,1
2025-12-20,国机重装,SH601399,5.57,6.7,0.35,SH,19876.0,1
2025-12-20,合富中国,SH603122,29.1,-3.03,-0.91,SH,19766.0,-2
2025-12-20,*ST铖昌,SZ001270,70.68,-5.0,-3.72,SZ,19715.0,0
2025-12-20,特斯拉,TSLA,481.2,-0.4489,-2.17,NASDAQ,19647.0,0
2025-12-20,Rocket Lab,RKLB,70.52,17.6903,10.6,NASDAQ,19030.0,0
2025-12-20,中国神华,SH601088,40.59,-0.59,-0.24,SH,17481.0,1
2025-12-20,中国卫星,SH600118,58.72,4.28,2.41,SH,17400.0,-1
2025-12-20,航天电子,SH600879,18.07,4.57,0.79,SH,16501.0,0
2025-12-20,XD贵州茅,SH600519,1410.0,0.21,2.96,SH,16323.0,0
2025-12-20,ST人福,SH600079,19.22,5.03,0.92,SH,15082.0,1
2025-12-20,航天发展,SZ000547,22.3,3.96,0.85,SZ,14949.0,-1
2025-12-20,再升科技,SH603601,10.39,8.23,0.79,SH,14841.0,0
2025-12-20,九牧王,SH601566,16.98,9.97,1.54,SH,14146.0,0
2025-12-20,赛微电子,SZ300456,63.39,-3.49,-2.29,SZ,13561.0,0
2025-12-20,南大光电,SZ300346,43.42,-3.53,-1.59,SZ,13286.0,1
2025-12-20,特朗普媒体科技,DJT,16.09,8.2773,1.23,NASDAQ,12930.0,1
2025-12-20,罗牛山,SZ000735,9.53,6.01,0.54,SZ,12860.0,-2
2025-12-20,泡泡玛特,09992,192.9,-0.16,-0.3,HK,12528.0,2
2025-12-20,臻镭科技,SH688270,112.99,-2.51,-2.91,SH,12304.0,0
2025-12-20,英维克,SZ002837,91.13,-3.21,-3.02,SZ,12253.0,-2
2025-12-20,兴业银锡,SZ000426,35.33,1.58,0.55,SZ,12128.0,2
2025-12-20,谷歌A,GOOGL,307.16,1.5539,4.7,NASDAQ,12068.0,2
2025-12-20,陕西华达,SZ301517,71.39,9.33,6.09,SZ,11898.0,-2
2025-12-20,淳中科技,SH603516,197.95,0.49,0.97,SH,11835.0,2
2025-12-20,东芯股份,SH688110,115.97,-3.31,-3.97,SH,11808.0,3
2025-12-20,浙江世宝,SZ002703,17.51,9.99,1.59,SZ,11799.0,-4
2025-12-20,雪人集团,SZ002639,20.34,10.01,1.85,SZ,11664.0,-2
2025-12-20,豪恩汽电,SZ301488,167.2,18.58,26.2,SZ,11646.0,-1
2025-12-20,顺灏股份,SZ002565,16.58,-0.66,-0.11,SZ,11312.0,2
2025-12-20,小米集团-W,01810,40.54,0.85,0.34,HK,11286.0,-1
2025-12-20,CoreWeave,CRWV,83.0,22.6359,15.32,NASDAQ,11170.0,2
2025-12-20,航天动力,SH600343,38.62,5.81,2.12,SH,11101.0,0
2025-12-20,SanDisk,SNDK,237.61,8.2703,18.15,NASDAQ,11025.0,3
2025-12-20,赣锋锂业,SZ002460,64.18,2.7,1.69,SZ,10651.0,3
2025-12-20,紫金矿业,SH601899,31.12,0.48,0.15,SH,10650.0,3
2025-12-20,腾讯控股,00700,614.0,1.49,9.0,HK,10585.0,-6
2025-12-20,云铝股份,SZ000807,29.23,6.48,1.78,SZ,10584.0,-3
2025-12-20,工业富联,SH601138,58.3,0.03,0.02,SH,10457.0,-3
2025-12-20,赢时胜,SZ300377,22.45,6.4,1.35,SZ,10316.0,2
2025-12-20,胜宏科技,SZ300476,287.88,-0.83,-2.42,SZ,10099.0,0
2025-12-20,中国平安,SH601318,68.75,0.36,0.25,SH,10048.0,-2
2025-12-20,晶瑞电材,SZ300655,16.69,-1.24,-0.21,SZ,9824.0,3
2025-12-20,耐克,NKE,58.71,-10.544,-6.92,NYSE,9760.0,3
2025-12-20,中际旭创,SZ300308,571.7,0.09,0.5,SZ,9696.0,-2
2025-12-20,寒武纪-U,SH688256,1268.0,-1.48,-19.0,SH,9622.0,-2
2025-12-20,美国雅保,ALB,145.88,3.844,5.4,NYSE,9512.0,1
2025-12-20,中青旅,SH600138,10.04,5.02,0.48,SH,9475.0,-3
2025-12-20,贵州百灵,SZ002424,5.63,1.81,0.1,SZ,9126.0,4
2025-12-20,伊利股份,SH600887,29.18,0.72,0.21,SH,8963.0,1
2025-12-20,乾照光电,SZ300102,24.76,-0.44,-0.11,SZ,8745.0,3
2025-12-20,阿里巴巴-W,09988,145.3,0.83,1.2,HK,8696.0,-3
2025-12-20,飞龙股份,SZ002536,28.68,-3.27,-0.97,SZ,8645.0,-1
2025-12-20,*ST正平,SH603843,4.47,-4.89,-0.23,SH,8640.0,-4
2025-12-20,博纳影业,SZ001330,10.07,-6.85,-0.74,SZ,8526.0,2
2025-12-20,超捷股份,SZ301005,96.74,4.19,3.89,SZ,8523.0,0
2025-12-20,招商银行,SH600036,41.99,-0.9,-0.38,SH,8368.0,-2
2025-12-20,盐湖股份,SZ000792,27.03,2.15,0.57,SZ,8339.0,0
2025-12-20,小鹏汽车,XPEV,19.86,6.7742,1.26,NYSE,8245.0,1
2025-12-20,中矿资源,SZ002738,65.88,-0.18,-0.12,SZ,8197.0,-1
2025-12-20,天银机电,SZ300342,28.58,-2.56,-0.75,SZ,8118.0,0
2025-12-20,通宇通讯,SZ002792,32.14,-0.89,-0.29,SZ,7964.0,0
2025-12-20,药明康德,SH603259,92.47,2.08,1.88,SH,7771.0,2
2025-12-20,惠城环保,SZ300779,155.15,8.88,12.65,SZ,7706.0,7
2025-12-20,天齐锂业,SZ002466,52.9,1.54,0.8,SZ,7666.0,3
2025-12-20,南京商旅,SH600250,14.6,-0.14,-0.02,SH,7659.0,-3
2025-12-20,长江电力,SH600900,27.85,-0.82,-0.23,SH,7543.0,2
2025-12-20,五粮液,SZ000858,110.53,0.09,0.1,SZ,7505.0,2
2025-12-20,美年健康,SZ002044,6.07,0.83,0.05,SZ,7492.0,-3
2025-12-20,百大集团,SH600865,18.01,3.51,0.61,SH,7366.0,-3
2025-12-20,阳光电源,SZ300274,164.05,1.7,2.74,SZ,7363.0,1
2025-12-20,爱科赛博,SH688719,47.8,3.46,1.6,SH,7359.0,6
2025-12-20,长飞光纤,SH601869,115.5,6.89,7.45,SH,7353.0,-9
2025-12-20,顺丰控股,SZ002352,37.85,-0.89,-0.34,SZ,7251.0,0
2025-12-20,盛新锂能,SZ002240,33.3,4.19,1.34,SZ,7217.0,4
2025-12-20,新易盛,SZ300502,434.3,2.07,8.8,SZ,7197.0,-3
2025-12-20,航天机电,SH600151,18.88,-0.53,-0.1,SH,7123.0,-1
2025-12-20,洛阳钼业,SH603993,18.36,2.63,0.47,SH,7073.0,-1
2025-12-20,久之洋,SZ300516,74.85,11.73,7.86,SZ,6957.0,1
2025-12-20,海峡创新,SZ300300,16.55,0.91,0.15,SZ,6805.0,-5
2025-12-20,智光电气,SZ002169,8.7,1.75,0.15,SZ,6772.0,4
2025-12-20,万科A,SZ000002,4.9,0.62,0.03,SZ,6701.0,-1
2025-12-20,中钨高新,SZ000657,27.3,0.33,0.09,SZ,6648.0,3
2025-12-20,上海瀚讯,SZ300762,36.44,2.19,0.78,SZ,6565.0,3
2025-12-20,美团-W,03690,102.7,1.28,1.3,HK,6544.0,-3
2025-12-21,藏格矿业,SZ000408,79.8,6.56,4.91,SZ,34910.0,0
2025-12-21,金陵药业,SZ000919,7.71,4.61,0.34,SZ,34588.0,0
2025-12-21,平潭发展,SZ000592,13.6,-7.48,-1.1,SZ,24645.0,0
2025-12-21,中国中免,SH601888,82.81,8.25,6.31,SH,22515.0,0
2025-12-21,安琪酵母,SH600298,44.59,5.81,2.45,SH,21307.0,1
2025-12-21,中青旅,SH600138,10.04,5.02,0.48,SH,20216.0,-1
2025-12-21,国机重装,SH601399,5.57,6.7,0.35,SH,19831.0,0
2025-12-21,中国卫星,SH600118,58.72,4.28,2.41,SH,15314.0,0
2025-12-21,泡泡玛特,09992,192.9,-0.16,-0.3,HK,14740.0,0
2025-12-21,*ST铖昌,SZ001270,70.68,-5.0,-3.72,SZ,13934.0,0
2025-12-21,摩尔线程-U,SH688795,664.1,-5.9,-41.61,SH,13541.0,0
2025-12-21,东芯股份,SH688110,115.97,-3.31,-3.97,SH,12638.0,1
2025-12-21,西部材料,SZ002149,37.72,10.0,3.43,SZ,12555.0,-1
2025-12-21,鹭燕医药,SZ002788,15.29,10.0,1.39,SZ,11522.0,0
2025-12-21,臻镭科技,SH688270,112.99,-2.51,-2.91,SH,10545.0,0
2025-12-21,航天电子,SH600879,18.07,4.57,0.79,SH,10344.0,0
2025-12-21,海南发展,SZ002163,14.54,9.98,1.32,SZ,10019.0,1
2025-12-21,XD贵州茅,SH600519,1410.0,0.21,2.96,SH,9687.0,2
2025-12-21,永辉超市,SH601933,5.76,4.92,0.27,SH,9662.0,-2
2025-12-21,中国神华,SH601088,40.59,-0.59,-0.24,SH,9508.0,-1
2025-12-21,英伟达,NVDA,180.99,3.9336,6.85,NASDAQ,8353.0,0
2025-12-21,罗牛山,SZ000735,9.53,6.01,0.54,SZ,8093.0,0
2025-12-21,欢乐家,SZ300997,33.39,15.9,4.58,SZ,8040.0,0
2025-12-21,赛微电子,SZ300456,63.39,-3.49,-2.29,SZ,7753.0,0
2025-12-21,浙江世宝,SZ002703,17.51,9.99,1.59,SZ,6979.0,2
2025-12-21,航天发展,SZ000547,22.3,3.96,0.85,SZ,6928.0,-1
2025-12-21,赛力斯,SH601127,120.6,0.92,1.1,SH,6774.0,1
2025-12-21,英维克,SZ002837,91.13,-3.21,-3.02,SZ,6535.0,2
2025-12-21,药明康德,SH603259,92.47,2.08,1.88,SH,6534.0,0
2025-12-21,中际旭创,SZ300308,571.7,0.09,0.5,SZ,6457.0,1
2025-12-21,拉卡拉,SZ300773,22.28,1.97,0.43,SZ,6429.0,-5
2025-12-21,超捷股份,SZ301005,96.74,4.19,3.89,SZ,6227.0,3
2025-12-21,顺灏股份,SZ002565,16.58,-0.66,-0.11,SZ,6209.0,0
2025-12-21,紫金矿业,SH601899,31.12,0.48,0.15,SH,6162.0,0
2025-12-21,再升科技,SH603601,10.39,8.23,0.79,SH,6147.0,-3
2025-12-21,烽火通信,SH600498,27.58,4.83,1.27,SH,6124.0,0
2025-12-21,淳中科技,SH603516,197.95,0.49,0.97,SH,6077.0,1
2025-12-21,兴业银锡,SZ000426,35.33,1.58,0.55,SZ,5990.0,-1
2025-12-21,中矿资源,SZ002738,65.88,-0.18,-0.12,SZ,5967.0,1
2025-12-21,ST人福,SH600079,19.22,5.03,0.92,SH,5932.0,-1
2025-12-21,伊利股份,SH600887,29.18,0.72,0.21,SH,5895.0,0
2025-12-21,小米集团-W,01810,40.54,0.85,0.34,HK,5873.0,0
2025-12-21,上海瀚讯,SZ300762,36.44,2.19,0.78,SZ,5846.0,0
2025-12-21,东百集团,SH600693,17.04,-0.99,-0.17,SH,5580.0,0
2025-12-21,乾照光电,SZ300102,24.76,-0.44,-0.11,SZ,5549.0,1
2025-12-21,天银机电,SZ300342,28.58,-2.56,-0.75,SZ,5547.0,-1
2025-12-21,海峡股份,SZ002320,11.47,8.51,0.9,SZ,5529.0,1
2025-12-21,敏实集团,00425,31.74,3.79,1.16,HK,5469.0,-1
2025-12-21,陕西华达,SZ301517,71.39,9.33,6.09,SZ,5375.0,1
2025-12-21,九牧王,SH601566,16.98,9.97,1.54,SH,5375.0,4
2025-12-21,宏达股份,SH600331,11.59,0.7,0.08,SH,5338.0,4
2025-12-21,赣锋锂业,SZ002460,64.18,2.7,1.69,SZ,5335.0,-2
2025-12-21,惠城环保,SZ300779,155.15,8.88,12.65,SZ,5325.0,-4
2025-12-21,先导基电,SH600641,16.35,-1.39,-0.23,SH,5301.0,4
2025-12-21,万科A,SZ000002,4.9,0.62,0.03,SZ,5290.0,-1
2025-12-21,航天动力,SH600343,38.62,5.81,2.12,SH,5286.0,-4
2025-12-21,中国平安,SH601318,68.75,0.36,0.25,SH,5194.0,-1
2025-12-21,五粮液,SZ000858,110.53,0.09,0.1,SZ,5112.0,-1
2025-12-21,阳光电源,SZ300274,164.05,1.7,2.74,SZ,4946.0,0
2025-12-21,胜宏科技,SZ300476,287.88,-0.83,-2.42,SZ,4922.0,1
2025-12-21,德赛西威,SZ002920,125.0,6.95,8.12,SZ,4887.0,4
2025-12-21,博纳影业,SZ001330,10.07,-6.85,-0.74,SZ,4867.0,-2
2025-12-21,豪恩汽电,SZ301488,167.2,18.58,26.2,SZ,4752.0,-1
2025-12-21,久之洋,SZ300516,74.85,11.73,7.86,SZ,4705.0,2
2025-12-21,拼多多,PDD,109.51,3.5164,3.72,NASDAQ,4693.0,-2
2025-12-21,亨通光电,SH600487,23.76,5.13,1.16,SH,4603.0,-2
2025-12-21,腾讯控股,00700,614.0,1.49,9.0,HK,4591.0,0
2025-12-21,*ST正平,SH603843,4.47,-4.89,-0.23,SH,4556.0,1
2025-12-21,飞龙股份,SZ002536,28.68,-3.27,-0.97,SZ,4552.0,1
2025-12-21,长江电力,SH600900,27.85,-0.82,-0.23,SH,4536.0,-2
2025-12-21,格力电器,SZ000651,41.14,0.44,0.18,SZ,4468.0,0
2025-12-21,赢时胜,SZ300377,22.45,6.4,1.35,SZ,4367.0,0
2025-12-21,国电电力,SH600795,5.88,-1.84,-0.11,SH,4333.0,0
2025-12-21,巨化股份,SH600160,36.5,1.96,0.7,SH,4296.0,1
2025-12-21,阿里巴巴,BABA,149.79,1.6766,2.47,NYSE,4253.0,-1
2025-12-21,中远海控,SH601919,15.29,-0.52,-0.08,SH,4231.0,0
2025-12-21,比亚迪,SZ002594,94.23,0.75,0.7,SZ,4217.0,1
2025-12-21,天齐锂业,SZ002466,52.9,1.54,0.8,SZ,4165.0,-1
2025-12-21,海螺水泥,SH600585,22.18,0.05,0.01,SH,4143.0,0
2025-12-21,雪人集团,SZ002639,20.34,10.01,1.85,SZ,4109.0,1
2025-12-21,信维通信,SZ300136,38.03,4.74,1.72,SZ,4072.0,2
2025-12-21,智光电气,SZ002169,8.7,1.75,0.15,SZ,4019.0,2
2025-12-21,通宇通讯,SZ002792,32.14,-0.89,-0.29,SZ,3994.0,-3
2025-12-21,云铝股份,SZ000807,29.23,6.48,1.78,SZ,3975.0,-2
2025-12-21,美光科技,MU,265.92,6.9885,17.37,NASDAQ,3956.0,0
2025-12-21,国晟科技,SH603778,12.6,2.02,0.25,SH,3832.0,0
2025-12-21,盐湖股份,SZ000792,27.03,2.15,0.57,SZ,3820.0,0
2025-12-21,南京商旅,SH600250,14.6,-0.14,-0.02,SH,3774.0,3
2025-12-21,招商银行,SH600036,41.99,-0.9,-0.38,SH,3770.0,-1
2025-12-21,同仁堂,SH600085,32.42,0.28,0.09,SH,3752.0,-1
2025-12-21,寒武纪-U,SH688256,1268.0,-1.48,-19.0,SH,3739.0,-1
2025-12-21,新易盛,SZ300502,434.3,2.07,8.8,SZ,3681.0,0
2025-12-21,云天化,SH600096,29.85,0.27,0.08,SH,3621.0,1
2025-12-21,C沐曦-U,SH688802,715.6,-9.08,-71.44,SH,3620.0,-1
2025-12-21,爱科赛博,SH688719,47.8,3.46,1.6,SH,3616.0,1
2025-12-21,航天智造,SZ300446,26.25,16.3,3.68,SZ,3605.0,-1
2025-12-21,皖能电力,SZ000543,8.21,0.49,0.04,SZ,3590.0,0
2025-12-21,上海电力,SH600021,19.61,2.67,0.51,SH,3515.0,0
2025-12-21,均胜电子,SH600699,29.68,7.34,2.03,SH,3458.0,9
2025-12-21,罗博特科,SZ300757,210.65,1.13,2.35,SZ,3445.0,-1
2025-12-22,中国中免,SH601888,91.09,10.0,8.28,SH,118746.0,0
2025-12-22,平潭发展,SZ000592,12.9,-5.15,-0.7,SZ,72138.0,0
2025-12-22,鹭燕医药,SZ002788,16.82,10.01,1.53,SZ,70758.0,0
2025-12-22,中国卫星,SH600118,63.46,8.07,4.74,SH,52184.0,0
2025-12-22,海南发展,SZ002163,15.99,9.97,1.45,SZ,50810.0,0
2025-12-22,金陵药业,SZ000919,7.73,0.26,0.02,SZ,48662.0,0
2025-12-22,中际旭创,SZ300308,617.5,8.01,45.8,SZ,47716.0,0
2025-12-22,浙江世宝,SZ002703,18.49,5.6,0.98,SZ,45944.0,0
2025-12-22,东百集团,SH600693,18.74,9.98,1.7,SH,41338.0,0
2025-12-22,新易盛,SZ300502,462.99,6.61,28.69,SZ,38863.0,0
2025-12-22,国机重装,SH601399,5.63,1.08,0.06,SH,37922.0,0
2025-12-22,紫金矿业,SH601899,32.53,4.53,1.41,SH,36781.0,0
2025-12-22,安琪酵母,SH600298,45.6,2.27,1.01,SH,33537.0,0
2025-12-22,航天电子,SH600879,17.41,-3.65,-0.66,SH,30001.0,0
2025-12-22,中芯国际,SH688981,120.45,6.0,6.82,SH,29573.0,0
2025-12-22,卧龙电驱,SH600580,43.81,9.99,3.98,SH,27584.0,0
2025-12-22,永辉超市,SH601933,5.76,0.0,0.0,SH,27373.0,1
2025-12-22,*ST铖昌,SZ001270,73.47,3.95,2.79,SZ,27009.0,1
2025-12-22,小米集团-W,01810,39.8,-1.83,-0.74,HK,26917.0,1
2025-12-22,中青旅,SH600138,10.22,1.79,0.18,SH,26686.0,-3
2025-12-22,航天发展,SZ000547,22.85,2.47,0.55,SZ,25642.0,0
2025-12-22,长芯博创,SZ300548,156.97,12.68,17.67,SZ,25084.0,0
2025-12-22,通宇通讯,SZ002792,35.35,9.99,3.21,SZ,25054.0,1
2025-12-22,西部材料,SZ002149,37.3,-1.11,-0.42,SZ,24346.0,-1
2025-12-22,再升科技,SH603601,10.9,4.91,0.51,SH,24261.0,0
2025-12-22,中国中免,01880,81.85,15.77,11.15,HK,23785.0,1
2025-12-22,泡泡玛特,09992,201.8,4.61,8.9,HK,23762.0,-1
2025-12-22,长飞光纤,SH601869,127.05,10.0,11.55,SH,23144.0,1
2025-12-22,摩尔线程-U,SH688795,673.0,1.34,8.9,SH,22927.0,-1
2025-12-22,英维克,SZ002837,94.4,3.59,3.27,SZ,22589.0,0
2025-12-22,长江电力,SH600900,27.54,-1.11,-0.31,SH,22420.0,0
2025-12-22,九牧王,SH601566,16.44,-3.18,-0.54,SH,21953.0,0
2025-12-22,赛微电子,SZ300456,60.45,-4.64,-2.94,SZ,21548.0,0
2025-12-22,海峡股份,SZ002320,12.62,10.03,1.15,SZ,21267.0,0
2025-12-22,久之洋,SZ300516,77.17,3.1,2.32,SZ,20938.0,0
2025-12-22,贵州茅台,SH600519,1408.26,-0.12,-1.74,SH,20752.0,0
2025-12-22,兴业银锡,SZ000426,36.14,2.29,0.81,SZ,20454.0,2
2025-12-22,胜宏科技,SZ300476,297.77,3.44,9.89,SZ,20198.0,-1
2025-12-22,藏格矿业,SZ000408,79.89,0.11,0.09,SZ,19599.0,-1
2025-12-22,亨通光电,SH600487,26.14,10.02,2.38,SH,19377.0,0
2025-12-22,神农种业,SZ300189,7.13,20.03,1.19,SZ,18945.0,0
2025-12-22,三花智控,SZ002050,45.42,4.49,1.95,SZ,18914.0,0
2025-12-22,国机精工,SZ002046,43.59,9.99,3.96,SZ,18762.0,2
2025-12-22,臻镭科技,SH688270,112.49,-0.44,-0.5,SH,18251.0,-1
2025-12-22,飞龙股份,SZ002536,30.4,6.0,1.72,SZ,18241.0,-1
2025-12-22,天银机电,SZ300342,29.28,2.45,0.7,SZ,17927.0,0
2025-12-22,惠城环保,SZ300779,135.87,-12.43,-19.28,SZ,17134.0,0
2025-12-22,顺灏股份,SZ002565,15.7,-5.31,-0.88,SZ,16933.0,0
2025-12-22,博纳影业,SZ001330,9.06,-10.03,-1.01,SZ,16718.0,0
2025-12-22,中国移动,SH600941,101.16,-0.98,-1.0,SH,16555.0,0
2025-12-22,海南机场,SH600515,5.25,10.06,0.48,SH,16392.0,0
2025-12-22,海汽集团,SH603069,26.25,10.02,2.39,SH,16375.0,0
2025-12-22,淳中科技,SH603516,204.07,3.09,6.12,SH,16012.0,3
2025-12-22,赣锋锂业,SZ002460,65.27,1.7,1.09,SZ,15985.0,-1
2025-12-22,*ST东易,SZ002713,10.97,4.98,0.52,SZ,15974.0,-1
2025-12-22,罗牛山,SZ000735,10.48,9.97,0.95,SZ,15937.0,-1
2025-12-22,永鼎股份,SH600105,21.54,6.58,1.33,SH,15765.0,0
2025-12-22,中钨高新,SZ000657,29.64,8.57,2.34,SZ,15512.0,1
2025-12-22,工业富联,SH601138,60.62,3.98,2.32,SH,15497.0,1
2025-12-22,海马汽车,SZ000572,9.36,9.99,0.85,SZ,15475.0,2
2025-12-22,中矿资源,SZ002738,68.55,4.05,2.67,SZ,15456.0,-3
2025-12-22,盐湖股份,SZ000792,28.17,4.22,1.14,SZ,15416.0,-1
2025-12-22,航天动力,SH600343,37.13,-3.86,-1.49,SH,15040.0,0
2025-12-22,中国神华,SH601088,40.88,0.71,0.29,SH,14912.0,0
2025-12-22,国电电力,SH600795,5.87,-0.17,-0.01,SH,14586.0,0
2025-12-22,中远海控,SH601919,15.34,0.33,0.05,SH,14365.0,0
2025-12-22,凯撒旅业,SZ000796,7.07,9.95,0.64,SZ,14238.0,0
2025-12-22,五粮液,SZ000858,110.33,-0.18,-0.2,SZ,14108.0,0
2025-12-22,合富中国,SH603122,26.5,-8.93,-2.6,SH,14081.0,1
2025-12-22,上海瀚讯,SZ300762,37.01,1.56,0.57,SZ,14032.0,-1
2025-12-22,招商银行,SH600036,41.77,-0.52,-0.22,SH,13644.0,2
2025-12-22,雪人集团,SZ002639,19.43,-4.47,-0.91,SZ,13532.0,0
2025-12-22,阳光电源,SZ300274,167.56,2.14,3.51,SZ,13516.0,2
2025-12-22,腾讯控股,00700,614.5,0.08,0.5,HK,13503.0,0
2025-12-22,德赛西威,SZ002920,126.5,1.2,1.5,SZ,13409.0,-4
2025-12-22,国投白银LOF,SZ161226,2.575,10.0,0.234,SZ,13384.0,3
2025-12-22,天齐锂业,SZ002466,53.92,1.93,1.02,SZ,13380.0,0
2025-12-22,超捷股份,SZ301005,93.09,-3.77,-3.65,SZ,13354.0,-2
2025-12-22,阿里巴巴-W,09988,146.4,0.76,1.1,HK,13158.0,1
2025-12-22,东芯股份,SH688110,117.55,1.36,1.58,SH,13109.0,-2
2025-12-22,比亚迪,SZ002594,94.37,0.15,0.14,SZ,12909.0,0
2025-12-22,C沐曦-U,SH688802,703.35,-1.71,-12.25,SH,12679.0,0
2025-12-22,中芯国际,00981,68.9,5.92,3.85,HK,12453.0,0
2025-12-22,乾照光电,SZ300102,23.96,-3.23,-0.8,SZ,12445.0,0
2025-12-22,*ST正平,SH603843,4.69,4.92,0.22,SH,12303.0,1
2025-12-22,航天机电,SH600151,17.84,-5.51,-1.04,SH,12282.0,-1
2025-12-22,特变电工,SH600089,22.46,2.65,0.58,SH,12176.0,2
2025-12-22,赛力斯,SH601127,121.42,0.68,0.82,SH,12135.0,-1
2025-12-22,南京商旅,SH600250,13.14,-10.0,-1.46,SH,12046.0,3
2025-12-22,天孚通信,SZ300394,223.0,4.19,8.97,SZ,12045.0,0
2025-12-22,中国平安,SH601318,68.54,-0.31,-0.21,SH,11977.0,-3
2025-12-22,神剑股份,SZ002361,8.99,10.04,0.82,SZ,11896.0,6
2025-12-22,信维通信,SZ300136,38.96,2.45,0.93,SZ,11846.0,-2
2025-12-22,源杰科技,SH688498,639.0,3.56,21.96,SH,11808.0,-1
2025-12-22,万科A,SZ000002,4.93,0.61,0.03,SZ,11778.0,1
2025-12-22,云南锗业,SZ002428,29.09,7.3,1.98,SZ,11693.0,-2
2025-12-22,烽火通信,SH600498,28.55,3.52,0.97,SH,11654.0,-2
2025-12-22,华尔泰,SZ001217,14.81,10.03,1.35,SZ,11577.0,-1
2025-12-22,麦格米特,SZ002851,86.3,7.26,5.84,SZ,11404.0,6
2025-12-22,菲利华,SZ300395,97.24,9.04,8.06,SZ,11384.0,-1
2025-12-23,中国中免,SH601888,88.91,-2.39,-2.18,SH,96144.0,0
2025-12-23,鹭燕医药,SZ002788,18.5,9.99,1.68,SZ,81837.0,0
2025-12-23,平潭发展,SZ000592,13.09,1.47,0.19,SZ,75013.0,0
2025-12-23,英维克,SZ002837,103.84,10.0,9.44,SZ,70178.0,0
2025-12-23,快手-W,01024,64.35,-3.52,-2.35,HK,61539.0,0
2025-12-23,中国卫星,SH600118,60.11,-5.28,-3.35,SH,54064.0,0
2025-12-23,英伟达,NVDA,183.69,1.4918,2.7,NASDAQ,50971.0,0
2025-12-23,三花智控,SZ002050,44.88,-1.19,-0.54,SZ,49905.0,0
2025-12-23,海南发展,SZ002163,17.59,10.01,1.6,SZ,46856.0,0
2025-12-23,东百集团,SH600693,19.5,4.06,0.76,SH,43980.0,0
2025-12-23,中际旭创,SZ300308,621.0,0.57,3.5,SZ,43659.0,0
2025-12-23,紫金矿业,SH601899,32.09,-1.35,-0.44,SH,43137.0,0
2025-12-23,特斯拉,TSLA,488.73,1.5648,7.53,NASDAQ,42855.0,0
2025-12-23,多氟多,SZ002407,32.51,10.02,2.96,SZ,41705.0,0
2025-12-23,国投白银LOF,SZ161226,2.833,10.02,0.258,SZ,38417.0,0
2025-12-23,航天动力,SH600343,38.0,2.34,0.87,SH,37559.0,1
2025-12-23,浙江世宝,SZ002703,18.56,0.38,0.07,SZ,36408.0,-1
2025-12-23,航天发展,SZ000547,22.8,-0.22,-0.05,SZ,35528.0,0
2025-12-23,奕东电子,SZ301123,72.53,20.0,12.09,SZ,34776.0,1
2025-12-23,通宇通讯,SZ002792,32.65,-7.64,-2.7,SZ,33616.0,-1
2025-12-23,兴业银锡,SZ000426,35.27,-2.41,-0.87,SZ,32724.0,0
2025-12-23,永辉超市,SH601933,5.45,-5.38,-0.31,SH,31625.0,0
2025-12-23,航天电子,SH600879,16.05,-7.81,-1.36,SH,31125.0,0
2025-12-23,小米集团-W,01810,39.2,-1.51,-0.6,HK,30740.0,0
2025-12-23,京能电力,SH600578,5.13,8.23,0.39,SH,30553.0,0
2025-12-23,腾讯控股,00700,602.0,-2.03,-12.5,HK,30410.0,0
2025-12-23,美光科技,MU,276.59,4.0125,10.67,NASDAQ,29376.0,1
2025-12-23,胜宏科技,SZ300476,308.0,3.44,10.23,SZ,29354.0,1
2025-12-23,国机重装,SH601399,5.24,-6.93,-0.39,SH,29118.0,-2
2025-12-23,贵州茅台,SH600519,1407.86,-0.03,-0.4,SH,28718.0,0
2025-12-23,再升科技,SH603601,10.03,-7.98,-0.87,SH,28386.0,0
2025-12-23,神农种业,SZ300189,7.79,9.26,0.66,SZ,27568.0,1
2025-12-23,赛微电子,SZ300456,61.3,1.41,0.85,SZ,27241.0,1
2025-12-23,淳中科技,SH603516,216.34,6.01,12.27,SH,26971.0,1
2025-12-23,航天机电,SH600151,16.06,-9.98,-1.78,SH,26495.0,2
2025-12-23,金陵药业,SZ000919,7.51,-2.85,-0.22,SZ,26414.0,-4
2025-12-23,西部材料,SZ002149,38.72,3.81,1.42,SZ,26330.0,1
2025-12-23,长飞光纤,SH601869,126.07,-0.77,-0.98,SH,26078.0,-2
2025-12-23,*ST铖昌,SZ001270,69.8,-5.0,-3.67,SZ,25792.0,0
2025-12-23,中钨高新,SZ000657,31.06,4.79,1.42,SZ,25763.0,0
2025-12-23,中国平安,SH601318,69.49,1.39,0.95,SH,25447.0,0
2025-12-23,长芯博创,SZ300548,155.55,-0.9,-1.42,SZ,24379.0,0
2025-12-23,安记食品,SH603696,24.44,9.99,2.22,SH,24053.0,1
2025-12-23,新易盛,SZ300502,458.0,-1.08,-4.99,SZ,23887.0,-1
2025-12-23,工业富联,SH601138,62.86,3.7,2.24,SH,23313.0,0
2025-12-23,顺灏股份,SZ002565,14.13,-10.0,-1.57,SZ,23115.0,0
2025-12-23,天赐材料,SZ002709,42.47,9.37,3.64,SZ,23048.0,0
2025-12-23,N纳百川,SZ301667,115.0,408.17,92.37,SZ,22930.0,7
2025-12-23,Rocket Lab,RKLB,77.55,9.97,7.03,NASDAQ,22810.0,-1
2025-12-23,博纳影业,SZ001330,8.15,-10.04,-0.91,SZ,22385.0,-1
2025-12-23,臻镭科技,SH688270,108.1,-3.9,-4.39,SH,22291.0,-1
2025-12-23,亨通光电,SH600487,26.21,0.27,0.07,SH,21993.0,-1
2025-12-23,山东黄金,SH600547,40.71,6.91,2.63,SH,21965.0,0
2025-12-23,神剑股份,SZ002361,9.89,10.01,0.9,SZ,21909.0,-2
2025-12-23,飞龙股份,SZ002536,31.79,4.57,1.39,SZ,21901.0,-1
2025-12-23,中国移动,SH600941,100.99,-0.17,-0.17,SH,20693.0,0
2025-12-23,海汽集团,SH603069,28.88,10.02,2.63,SH,20349.0,1
2025-12-23,菲利华,SZ300395,103.2,6.13,5.96,SZ,20200.0,1
2025-12-23,海马汽车,SZ000572,9.16,-2.14,-0.2,SZ,20180.0,-2
2025-12-23,亚翔集成,SH603929,108.31,10.0,9.85,SH,19601.0,0
2025-12-23,天际股份,SZ002759,38.29,10.0,3.48,SZ,19518.0,2
2025-12-23,万科A,SZ000002,4.79,-2.84,-0.14,SZ,19489.0,0
2025-12-23,摩尔线程-U,SH688795,676.8,0.56,3.8,SH,19474.0,-2
2025-12-23,超捷股份,SZ301005,93.7,0.66,0.61,SZ,18701.0,2
2025-12-23,合富中国,SH603122,25.09,-5.32,-1.41,SH,18682.0,-1
2025-12-23,长江电力,SH600900,27.72,0.65,0.18,SH,18413.0,-1
2025-12-23,中矿资源,SZ002738,71.32,4.04,2.77,SZ,18317.0,1
2025-12-23,赣锋锂业,SZ002460,66.36,1.67,1.09,SZ,18014.0,1
2025-12-23,天银机电,SZ300342,26.26,-10.31,-3.02,SZ,17729.0,-2
2025-12-23,天齐锂业,SZ002466,55.78,3.45,1.86,SZ,17708.0,2
2025-12-23,五粮液,SZ000858,109.72,-0.55,-0.61,SZ,17641.0,0
2025-12-23,藏格矿业,SZ000408,79.77,-0.15,-0.12,SZ,17621.0,-2
2025-12-23,寒武纪-U,SH688256,1336.02,3.99,51.25,SH,16818.0,1
2025-12-23,卧龙电驱,SH600580,43.35,-1.05,-0.46,SH,16782.0,-1
2025-12-23,阿里巴巴,BABA,150.96,0.7811,1.17,NYSE,16131.0,1
2025-12-23,华菱线缆,SZ001208,19.84,-5.66,-1.19,SZ,16122.0,1
2025-12-23,泡泡玛特,09992,200.4,-0.69,-1.4,HK,16007.0,-2
2025-12-23,罗牛山,SZ000735,10.47,-0.1,-0.01,SZ,15880.0,0
2025-12-23,上海瀚讯,SZ300762,33.16,-10.4,-3.85,SZ,15846.0,1
2025-12-23,东芯股份,SH688110,118.59,0.88,1.04,SH,15784.0,1
2025-12-23,特变电工,SH600089,22.99,2.36,0.53,SH,15715.0,15
2025-12-23,招商银行,SH600036,41.91,0.34,0.14,SH,15675.0,1
2025-12-23,鼎泰高科,SZ301377,141.37,11.88,15.01,SZ,15655.0,-1
2025-12-23,智光电气,SZ002169,10.03,4.81,0.46,SZ,15583.0,1
2025-12-23,阳光电源,SZ300274,167.99,0.26,0.43,SZ,15435.0,1
2025-12-23,海南瑞泽,SZ002596,6.48,10.02,0.59,SZ,15411.0,1
2025-12-23,中国卫通,SH601698,23.51,-9.3,-2.41,SH,15390.0,1
2025-12-23,东材科技,SH601208,26.63,10.0,2.42,SH,15309.0,1
2025-12-23,中国中免,01880,78.25,-4.4,-3.6,HK,15214.0,-10
2025-12-23,中芯国际,SH688981,119.9,-0.46,-0.55,SH,15124.0,-6
2025-12-23,宁德时代,SZ300750,378.1,1.68,6.26,SZ,15021.0,0
2025-12-23,天孚通信,SZ300394,222.28,-0.32,-0.72,SZ,14898.0,-2
2025-12-23,赛力斯,SH601127,119.64,-1.47,-1.78,SH,14809.0,0
2025-12-23,海南机场,SH600515,5.39,2.67,0.14,SH,14661.0,0
2025-12-23,山子高科,SZ000981,3.59,-1.64,-0.06,SZ,14655.0,-3
2025-12-23,皖能电力,SZ000543,8.74,4.3,0.36,SZ,14602.0,1
2025-12-23,华盛锂电,SH688353,104.58,11.81,11.05,SH,14540.0,2
2025-12-23,惠城环保,SZ300779,137.77,1.4,1.9,SZ,14302.0,-3
2025-12-23,铜冠铜箔,SZ301217,36.22,12.59,4.05,SZ,14194.0,4
2025-12-23,洛阳钼业,SH603993,18.55,-0.38,-0.07,SH,14116.0,2
2025-12-24,英维克,SZ002837,111.17,7.06,7.33,SZ,88244.0,0
2025-12-24,鹭燕医药,SZ002788,19.65,6.22,1.15,SZ,81596.0,0
2025-12-24,英伟达,NVDA,189.21,3.0051,5.52,NASDAQ,60605.0,0
2025-12-24,国投白银LOF,SZ161226,3.116,9.99,0.283,SZ,60452.0,0
2025-12-24,中国卫星,SH600118,66.12,10.0,6.01,SH,59232.0,0
2025-12-24,航天发展,SZ000547,24.93,9.34,2.13,SZ,52909.0,0
2025-12-24,信维通信,SZ300136,44.73,17.96,6.81,SZ,50403.0,0
2025-12-24,超捷股份,SZ301005,112.44,20.0,18.74,SZ,48556.0,1
2025-12-24,东百集团,SH600693,21.45,10.0,1.95,SH,48530.0,1
2025-12-24,平潭发展,SZ000592,13.49,3.06,0.4,SZ,47742.0,-2
2025-12-24,巨化股份,SH600160,37.4,-0.24,-0.09,SH,45142.0,0
2025-12-24,奕东电子,SZ301123,74.0,2.03,1.47,SZ,44472.0,0
2025-12-24,麦格米特,SZ002851,94.29,10.0,8.57,SZ,40667.0,1
2025-12-24,中国中免,SH601888,87.86,-1.18,-1.05,SH,39971.0,-1
2025-12-24,兴业银锡,SZ000426,36.1,2.35,0.83,SZ,39240.0,0
2025-12-24,海南发展,SZ002163,19.35,10.01,1.76,SZ,38693.0,0
2025-12-24,多氟多,SZ002407,34.16,5.08,1.65,SZ,36921.0,0
2025-12-24,再升科技,SH603601,11.03,9.97,1.0,SH,35274.0,0
2025-12-24,西部材料,SZ002149,42.0,8.47,3.28,SZ,34719.0,0
2025-12-24,国机重装,SH601399,5.2,-0.76,-0.04,SH,34681.0,0
2025-12-24,航天动力,SH600343,41.8,10.0,3.8,SH,33788.0,0
2025-12-24,京能电力,SH600578,5.36,4.48,0.23,SH,32654.0,0
2025-12-24,紫金矿业,SH601899,32.31,0.69,0.22,SH,32576.0,0
2025-12-24,中际旭创,SZ300308,634.4,2.16,13.4,SZ,31957.0,0
2025-12-24,胜宏科技,SZ300476,309.28,0.42,1.28,SZ,30486.0,0
2025-12-24,神剑股份,SZ002361,10.88,10.01,0.99,SZ,30299.0,0
2025-12-24,贵州茅台,SH600519,1400.9,-0.49,-6.96,SH,29313.0,0
2025-12-24,淳中科技,SH603516,227.39,5.11,11.05,SH,28659.0,0
2025-12-24,生益科技,SH600183,72.6,10.0,6.6,SH,28478.0,0
2025-12-24,中矿资源,SZ002738,75.38,5.69,4.06,SZ,27688.0,1
2025-12-24,安记食品,SH603696,26.88,9.98,2.44,SH,27669.0,-1
2025-12-24,通宇通讯,SZ002792,34.71,6.31,2.06,SZ,27340.0,1
2025-12-24,天际股份,SZ002759,42.12,10.0,3.83,SZ,27288.0,-1
2025-12-24,*ST铖昌,SZ001270,72.84,4.36,3.04,SZ,27233.0,0
2025-12-24,工业富联,SH601138,65.14,3.63,2.28,SH,27197.0,0
2025-12-24,摩尔线程-U,SH688795,634.01,-6.32,-42.79,SH,26937.0,0
2025-12-24,五粮液,SZ000858,109.28,-0.4,-0.44,SZ,26690.0,1
2025-12-24,浙江世宝,SZ002703,20.42,10.02,1.86,SZ,26551.0,-1
2025-12-24,天银机电,SZ300342,30.78,17.21,4.52,SZ,25355.0,1
2025-12-24,小米集团-W,01810,39.22,0.05,0.02,HK,25235.0,-1
2025-12-24,菲利华,SZ300395,108.95,5.57,5.75,SZ,25009.0,1
2025-12-24,飞龙股份,SZ002536,31.11,-2.14,-0.68,SZ,24293.0,-1
2025-12-24,金陵药业,SZ000919,7.45,-0.8,-0.06,SZ,23968.0,0
2025-12-24,腾讯控股,00700,603.0,0.17,1.0,HK,22976.0,0
2025-12-24,东材科技,SH601208,29.03,9.01,2.4,SH,22802.0,0
2025-12-24,藏格矿业,SZ000408,79.43,-0.43,-0.34,SZ,21805.0,1
2025-12-24,亚翔集成,SH603929,107.29,-0.94,-1.02,SH,21703.0,1
2025-12-24,剑桥科技,SH603083,129.11,7.35,8.84,SH,21184.0,3
2025-12-24,天齐锂业,SZ002466,56.26,0.86,0.48,SZ,21101.0,0
2025-12-24,航天电子,SH600879,16.92,5.42,0.87,SH,21038.0,0
2025-12-24,赛微电子,SZ300456,61.0,-0.49,-0.3,SZ,20543.0,2
2025-12-24,C纳百川,SZ301667,82.73,-28.06,-32.27,SZ,20240.0,-6
2025-12-24,中国移动,SH600941,101.52,0.52,0.53,SH,19970.0,1
2025-12-24,特变电工,SH600089,23.12,0.57,0.13,SH,19816.0,-2
2025-12-24,赣锋锂业,SZ002460,66.79,0.65,0.43,SZ,19358.0,0
2025-12-24,沐曦股份-U,SH688802,620.66,-7.03,-46.94,SH,19224.0,6
2025-12-24,特斯拉,TSLA,485.56,-0.6486,-3.17,NASDAQ,19119.0,0
2025-12-24,永辉超市,SH601933,5.48,0.55,0.03,SH,18926.0,-2
2025-12-24,臻镭科技,SH688270,114.2,5.64,6.1,SH,18893.0,-1
2025-12-24,中芯国际,SH688981,123.41,2.93,3.51,SH,18790.0,1
2025-12-24,航天机电,SH600151,15.9,-1.0,-0.16,SH,18701.0,-2
2025-12-24,中国平安,SH601318,69.03,-0.66,-0.46,SH,18487.0,-2
2025-12-24,谷歌A,GOOGL,314.35,1.4752,4.57,NASDAQ,18303.0,0
2025-12-24,罗博特科,SZ300757,239.71,5.09,11.6,SZ,18234.0,0
2025-12-24,国晟科技,SH603778,14.97,7.93,1.1,SH,17845.0,0
2025-12-24,阳光电源,SZ300274,165.88,-1.26,-2.11,SZ,17684.0,0
2025-12-24,新易盛,SZ300502,453.51,-0.98,-4.49,SZ,17617.0,1
2025-12-24,山东黄金,SH600547,40.08,-1.55,-0.63,SH,17269.0,1
2025-12-24,赛力斯,SH601127,119.7,0.05,0.06,SH,17241.0,1
2025-12-24,快手-W,01024,64.6,0.39,0.25,HK,17079.0,-3
2025-12-24,中钨高新,SZ000657,29.41,-5.31,-1.65,SZ,16832.0,0
2025-12-24,海螺水泥,SH600585,22.33,0.63,0.14,SH,16811.0,0
2025-12-24,同飞股份,SZ300990,96.35,3.6,3.35,SZ,16542.0,0
2025-12-24,圣晖集成,SH603163,78.11,10.0,7.1,SH,16403.0,0
2025-12-24,合兴包装,SZ002228,5.95,9.98,0.54,SZ,16253.0,0
2025-12-24,长飞光纤,SH601869,130.5,3.51,4.43,SH,16111.0,0
2025-12-24,博纳影业,SZ001330,8.29,1.72,0.14,SZ,15705.0,0
2025-12-24,兆易创新,SH603986,224.1,3.09,6.72,SH,15514.0,1
2025-12-24,欧陆通,SZ300870,246.6,9.26,20.9,SZ,15475.0,5
2025-12-24,天赐材料,SZ002709,43.53,2.5,1.06,SZ,15319.0,-2
2025-12-24,阿里巴巴,BABA,151.23,0.1789,0.27,NYSE,15280.0,-1
2025-12-24,东芯股份,SH688110,121.02,2.05,2.43,SH,15140.0,0
2025-12-24,北京君正,SZ300223,107.19,8.05,7.99,SZ,15122.0,2
2025-12-24,海汽集团,SH603069,29.24,1.25,0.36,SH,15062.0,-1
2025-12-24,招商银行,SH600036,41.83,-0.19,-0.08,SH,15035.0,-4
2025-12-24,长芯博创,SZ300548,154.68,-0.56,-0.87,SZ,14306.0,2
2025-12-24,万科A,SZ000002,4.76,-0.63,-0.03,SZ,14277.0,0
2025-12-24,长江电力,SH600900,27.64,-0.29,-0.08,SH,14249.0,2
2025-12-24,智光电气,SZ002169,10.48,4.49,0.45,SZ,14083.0,0
2025-12-24,顺灏股份,SZ002565,14.68,3.89,0.55,SZ,13920.0,-4
2025-12-24,永鼎股份,SH600105,23.34,9.99,2.12,SH,13901.0,2
2025-12-24,C优迅,SH688807,231.6,14.03,28.49,SH,13812.0,0
2025-12-24,三花智控,SZ002050,45.08,0.45,0.2,SZ,13747.0,-2
2025-12-24,凯撒旅业,SZ000796,7.84,9.96,0.71,SZ,13561.0,2
2025-12-24,香农芯创,SZ300475,148.95,8.89,12.16,SZ,13509.0,-1
2025-12-24,嘉美包装,SZ002969,8.09,10.07,0.74,SZ,13377.0,-1
2025-12-24,惠城环保,SZ300779,147.56,7.11,9.79,SZ,13207.0,3
2025-12-24,诺和诺德,NVO,51.61,7.2973,3.51,NYSE,13204.0,-1
2025-12-24,大元泵业,SH603757,48.35,-2.72,-1.35,SH,13203.0,-1
2025-12-24,阿里巴巴-W,09988,146.0,-0.82,-1.2,HK,13149.0,-1
2025-12-25,信维通信,SZ300136,50.7,13.35,5.97,SZ,76972.0,0
2025-12-25,国投白银LOF,SZ161226,2.804,-10.01,-0.312,SZ,74910.0,0
2025-12-25,鹭燕医药,SZ002788,20.06,2.09,0.41,SZ,70849.0,0
2025-12-25,超捷股份,SZ301005,134.93,20.0,22.49,SZ,69819.0,0
2025-12-25,中国卫星,SH600118,72.73,10.0,6.61,SH,69176.0,0
2025-12-25,锋龙股份,SZ002931,21.65,10.01,1.97,SZ,52834.0,0
2025-12-25,航天发展,SZ000547,25.6,2.69,0.67,SZ,48254.0,1
2025-12-25,英维克,SZ002837,110.81,-0.32,-0.36,SZ,48127.0,-1
2025-12-25,西部材料,SZ002149,46.2,10.0,4.2,SZ,47993.0,0
2025-12-25,再升科技,SH603601,12.13,9.97,1.1,SH,46642.0,0
2025-12-25,臻镭科技,SH688270,133.5,16.9,19.3,SH,45808.0,0
2025-12-25,通宇通讯,SZ002792,38.18,10.0,3.47,SZ,41300.0,0
2025-12-25,英伟达,NVDA,188.61,-0.3171,-0.6,NASDAQ,39181.0,0
2025-12-25,中国平安,SH601318,70.8,2.56,1.77,SH,38834.0,2
2025-12-25,国机重装,SH601399,5.14,-1.15,-0.06,SH,38256.0,0
2025-12-25,东百集团,SH600693,20.91,-2.52,-0.54,SH,37913.0,-2
2025-12-25,神剑股份,SZ002361,11.97,10.02,1.09,SZ,37155.0,0
2025-12-25,贵州茅台,SH600519,1414.17,0.95,13.27,SH,35236.0,0
2025-12-25,飞龙股份,SZ002536,33.55,7.84,2.44,SZ,34454.0,1
2025-12-25,平潭发展,SZ000592,13.89,2.97,0.4,SZ,34431.0,-1
2025-12-25,云天化,SH600096,31.55,2.47,0.76,SH,33459.0,0
2025-12-25,航天动力,SH600343,43.27,3.52,1.47,SH,32564.0,0
2025-12-25,中际旭创,SZ300308,639.8,0.85,5.4,SZ,31782.0,0
2025-12-25,航天电子,SH600879,18.61,9.99,1.69,SH,31346.0,0
2025-12-25,*ST铖昌,SZ001270,76.48,5.0,3.64,SZ,29374.0,1
2025-12-25,奕东电子,SZ301123,79.16,6.97,5.16,SZ,28981.0,-1
2025-12-25,天际股份,SZ002759,45.0,6.84,2.88,SZ,28773.0,3
2025-12-25,兴业银锡,SZ000426,34.97,-3.13,-1.13,SZ,28510.0,0
2025-12-25,天银机电,SZ300342,32.17,4.52,1.39,SZ,28378.0,-2
2025-12-25,三花智控,SZ002050,47.56,5.5,2.48,SZ,28376.0,-1
2025-12-25,海南发展,SZ002163,20.68,6.87,1.33,SZ,27978.0,0
2025-12-25,金风科技,SZ002202,19.17,9.98,1.74,SZ,27264.0,4
2025-12-25,五粮液,SZ000858,110.6,1.21,1.32,SZ,27133.0,-1
2025-12-25,麦格米特,SZ002851,92.47,-1.93,-1.82,SZ,27078.0,0
2025-12-25,紫金矿业,SH601899,32.03,-0.87,-0.28,SH,26930.0,0
2025-12-25,美光科技,MU,286.68,3.7681,10.41,NASDAQ,26847.0,1
2025-12-25,淳中科技,SH603516,225.01,-1.05,-2.38,SH,26453.0,-4
2025-12-25,国晟科技,SH603778,15.89,6.15,0.92,SH,25731.0,0
2025-12-25,华菱线缆,SZ001208,23.16,10.02,2.11,SZ,24544.0,3
2025-12-25,赛微电子,SZ300456,59.09,-3.13,-1.91,SZ,24510.0,-1
2025-12-25,中矿资源,SZ002738,74.25,-1.5,-1.13,SZ,24182.0,0
2025-12-25,工业富联,SH601138,66.72,2.43,1.58,SH,24110.0,-2
2025-12-25,天齐锂业,SZ002466,55.53,-1.3,-0.73,SZ,23811.0,0
2025-12-25,赣锋锂业,SZ002460,66.13,-0.99,-0.66,SZ,23731.0,0
2025-12-25,胜宏科技,SZ300476,299.51,-3.16,-9.77,SZ,23670.0,1
2025-12-25,中国中免,SH601888,85.21,-3.02,-2.65,SH,23444.0,-1
2025-12-25,安记食品,SH603696,26.5,-1.41,-0.38,SH,21523.0,0
2025-12-25,浙江世宝,SZ002703,21.22,3.92,0.8,SZ,21449.0,0
2025-12-25,铂力特,SH688333,101.37,8.77,8.17,SH,20503.0,1
2025-12-25,东材科技,SH601208,29.46,1.48,0.43,SH,20432.0,-1
2025-12-25,中国移动,SH600941,100.51,-0.99,-1.01,SH,20093.0,1
2025-12-25,顺灏股份,SZ002565,15.56,5.99,0.88,SZ,19926.0,1
2025-12-25,菲利华,SZ300395,104.91,-3.71,-4.04,SZ,19695.0,-2
2025-12-25,嘉美包装,SZ002969,8.9,10.01,0.81,SZ,19255.0,1
2025-12-25,兆易创新,SH603986,222.0,-0.94,-2.1,SH,19088.0,1
2025-12-25,北京君正,SZ300223,114.06,6.41,6.87,SZ,18934.0,3
2025-12-25,阳光电源,SZ300274,167.88,1.21,2.0,SZ,18785.0,1
2025-12-25,沐曦股份-U,SH688802,642.94,3.59,22.28,SH,18562.0,-4
2025-12-25,摩尔线程-U,SH688795,628.86,-0.81,-5.15,SH,18425.0,1
2025-12-25,生益科技,SH600183,70.68,-2.64,-1.92,SH,18292.0,-3
2025-12-25,金陵药业,SZ000919,7.5,0.67,0.05,SZ,17640.0,0
2025-12-25,永辉超市,SH601933,5.28,-3.65,-0.2,SH,16849.0,0
2025-12-25,厦门国贸,SH600755,7.93,9.99,0.72,SH,16810.0,1
2025-12-25,新易盛,SZ300502,447.99,-1.22,-5.52,SZ,16683.0,1
2025-12-25,多氟多,SZ002407,34.12,-0.12,-0.04,SZ,16484.0,-2
2025-12-25,凯撒旅业,SZ000796,7.35,-6.25,-0.49,SZ,16415.0,0
2025-12-25,优必选,09880,109.5,-0.73,-0.8,HK,16396.0,0
2025-12-25,合富中国,SH603122,26.04,5.25,1.3,SH,16246.0,0
2025-12-25,巨化股份,SH600160,38.22,2.19,0.82,SH,16082.0,0
2025-12-25,百大集团,SH600865,21.7,9.98,1.97,SH,16030.0,0
2025-12-25,藏格矿业,SZ000408,79.61,0.23,0.18,SZ,15606.0,1
2025-12-25,永鼎股份,SH600105,23.53,0.81,0.19,SH,15564.0,-1
2025-12-25,特斯拉,TSLA,485.4,-0.033,-0.16,NASDAQ,15199.0,0
2025-12-25,*ST正平,SH603843,4.73,5.11,0.23,SH,15170.0,0
2025-12-25,赛力斯,SH601127,119.11,-0.49,-0.59,SH,15105.0,0
2025-12-25,招商银行,SH600036,41.78,-0.12,-0.05,SH,15082.0,1
2025-12-25,昊志机电,SZ300503,43.42,20.01,7.24,SZ,15079.0,9
2025-12-25,乾照光电,SZ300102,24.62,5.62,1.31,SZ,15044.0,0
2025-12-25,东芯股份,SH688110,118.27,-2.27,-2.75,SH,15021.0,0
2025-12-25,卧龙电驱,SH600580,45.77,4.28,1.88,SH,14933.0,2
2025-12-25,胜通能源,SZ001331,38.27,10.0,3.48,SZ,14868.0,2
2025-12-25,小米集团-W,01810,39.22,0.05,0.02,HK,14867.0,-6
2025-12-25,罗博特科,SZ300757,247.81,3.38,8.1,SZ,14818.0,-3
2025-12-25,合兴包装,SZ002228,6.55,10.08,0.6,SZ,14738.0,-3
2025-12-25,斯瑞新材,SH688102,38.58,6.87,2.48,SH,14698.0,-1
2025-12-25,欣贺股份,SZ003016,10.78,4.36,0.45,SZ,14645.0,-1
2025-12-25,广联航空,SZ300900,31.21,19.99,5.2,SZ,14547.0,1
2025-12-25,长光华芯,SH688048,158.64,13.16,18.45,SH,14463.0,10
2025-12-25,中金黄金,SH600489,23.2,-3.13,-0.75,SH,14365.0,-2
2025-12-25,洛阳钼业,SH603993,18.7,0.11,0.02,SH,14322.0,-1
2025-12-25,宁德时代,SZ300750,373.01,-0.69,-2.59,SZ,14242.0,2
2025-12-25,上海港湾,SH605598,61.9,10.01,5.63,SH,14234.0,-2
2025-12-25,派克新材,SH605123,97.9,10.0,8.9,SH,14189.0,-1
2025-12-25,上海瀚讯,SZ300762,38.46,8.06,2.87,SZ,14071.0,0
2025-12-25,长川科技,SZ300604,106.25,7.55,7.46,SZ,13783.0,2
2025-12-25,天普股份,SH605255,171.16,10.0,15.56,SH,13768.0,-1
2025-12-25,新雷能,SZ300593,30.27,0.1,0.03,SZ,13724.0,-6
2025-12-25,天孚通信,SZ300394,214.8,-3.71,-8.27,SZ,13641.0,-2
2025-12-25,特变电工,SH600089,23.13,0.04,0.01,SH,13272.0,1
2025-12-25,万科A,SZ000002,4.79,0.63,0.03,SZ,13242.0,-1
2025-12-26,中国卫星,SH600118,80.0,10.0,7.27,SH,96685.0,0
2025-12-26,航天发展,SZ000547,28.16,10.0,2.56,SZ,88475.0,0
2025-12-26,鹭燕医药,SZ002788,21.0,4.69,0.94,SZ,72606.0,0
2025-12-26,国投白银LOF,SZ161226,2.524,-9.99,-0.28,SZ,66614.0,0
2025-12-26,超捷股份,SZ301005,137.0,1.53,2.07,SZ,61456.0,0
2025-12-26,比亚迪,SZ002594,100.01,5.45,5.17,SZ,61057.0,0
2025-12-26,天际股份,SZ002759,49.5,10.0,4.5,SZ,55291.0,0
2025-12-26,阳光电源,SZ300274,181.08,7.86,13.2,SZ,50490.0,0
2025-12-26,中国中免,SH601888,92.3,8.32,7.09,SH,50434.0,1
2025-12-26,信维通信,SZ300136,51.3,1.18,0.6,SZ,48721.0,-1
2025-12-26,紫金矿业,SH601899,33.53,4.68,1.5,SH,47812.0,0
2025-12-26,通宇通讯,SZ002792,42.0,10.01,3.82,SZ,47146.0,0
2025-12-26,西部材料,SZ002149,46.78,1.26,0.58,SZ,43968.0,0
2025-12-26,平潭发展,SZ000592,14.84,6.84,0.95,SZ,42224.0,0
2025-12-26,海南发展,SZ002163,22.75,10.01,2.07,SZ,41180.0,0
2025-12-26,神剑股份,SZ002361,13.17,10.03,1.2,SZ,39711.0,0
2025-12-26,国晟科技,SH603778,15.25,-4.03,-0.64,SH,38505.0,0
2025-12-26,国机重装,SH601399,5.08,-1.17,-0.06,SH,38148.0,0
2025-12-26,锋龙股份,SZ002931,23.82,10.02,2.17,SZ,37454.0,0
2025-12-26,再升科技,SH603601,13.34,9.98,1.21,SH,37263.0,0
2025-12-26,中矿资源,SZ002738,80.22,8.04,5.97,SZ,36345.0,0
2025-12-26,天齐锂业,SZ002466,57.93,4.32,2.4,SZ,35152.0,0
2025-12-26,上海电力,SH600021,21.86,10.02,1.99,SH,34875.0,2
2025-12-26,江西铜业,SH600362,48.31,10.0,4.39,SH,33884.0,0
2025-12-26,英维克,SZ002837,110.59,-0.2,-0.22,SZ,33435.0,-2
2025-12-26,臻镭科技,SH688270,138.0,3.37,4.5,SH,30485.0,0
2025-12-26,*ST铖昌,SZ001270,80.3,4.99,3.82,SZ,29108.0,1
2025-12-26,兴业银锡,SZ000426,35.76,2.26,0.79,SZ,28740.0,1
2025-12-26,多氟多,SZ002407,36.95,8.29,2.83,SZ,28470.0,1
2025-12-26,航天电子,SH600879,19.47,4.62,0.86,SH,28205.0,-3
2025-12-26,中国平安,SH601318,71.16,0.51,0.36,SH,27307.0,0
2025-12-26,藏格矿业,SZ000408,85.33,7.19,5.72,SZ,26513.0,0
2025-12-26,昊志机电,SZ300503,46.72,7.6,3.3,SZ,25588.0,0
2025-12-26,三花智控,SZ002050,47.3,-0.55,-0.26,SZ,25071.0,0
2025-12-26,厦门国贸,SH600755,8.72,9.96,0.79,SH,25045.0,2
2025-12-26,贵州茅台,SH600519,1414.13,0.0,-0.04,SH,24771.0,0
2025-12-26,福龙马,SH603686,28.57,10.01,2.6,SH,24639.0,1
2025-12-26,金风科技,SZ002202,19.69,2.71,0.52,SZ,24621.0,-3
2025-12-26,天银机电,SZ300342,33.7,4.76,1.53,SZ,24307.0,0
2025-12-26,航天动力,SH600343,45.4,4.92,2.13,SH,23684.0,0
2025-12-26,华菱线缆,SZ001208,23.86,3.02,0.7,SZ,22996.0,0
2025-12-26,赣锋锂业,SZ002460,68.57,3.69,2.44,SZ,22992.0,1
2025-12-26,麦格米特,SZ002851,87.97,-4.87,-4.5,SZ,22921.0,-1
2025-12-26,中际旭创,SZ300308,627.0,-2.0,-12.8,SZ,22414.0,0
2025-12-26,胜宏科技,SZ300476,291.99,-2.51,-7.52,SZ,21950.0,1
2025-12-26,东百集团,SH600693,21.88,4.64,0.97,SH,21680.0,-1
2025-12-26,杰瑞股份,SZ002353,75.13,6.13,4.34,SZ,21612.0,0
2025-12-26,飞龙股份,SZ002536,30.92,-7.84,-2.63,SZ,21251.0,0
2025-12-26,洛阳钼业,SH603993,19.75,5.61,1.05,SH,21152.0,0
2025-12-26,中国铝业,SH601600,11.84,8.03,0.88,SH,20725.0,1
2025-12-26,中国卫通,SH601698,28.31,9.98,2.57,SH,20163.0,4
2025-12-26,工业富联,SH601138,63.84,-4.32,-2.88,SH,20036.0,1
2025-12-26,浙江世宝,SZ002703,23.34,9.99,2.12,SZ,19930.0,1
2025-12-26,赛微电子,SZ300456,57.32,-3.0,-1.77,SZ,19896.0,-4
2025-12-26,五粮液,SZ000858,109.78,-0.74,-0.82,SZ,19809.0,-3
2025-12-26,嘉美包装,SZ002969,9.79,10.0,0.89,SZ,19232.0,0
2025-12-26,东芯股份,SH688110,123.04,4.03,4.77,SH,18844.0,0
2025-12-26,华盛锂电,SH688353,122.82,11.87,13.03,SH,18800.0,0
2025-12-26,广联航空,SZ300900,35.07,12.37,3.86,SZ,18266.0,3
2025-12-26,奕东电子,SZ301123,76.5,-3.36,-2.66,SZ,18231.0,-1
2025-12-26,中国移动,SH600941,100.84,0.33,0.33,SH,18134.0,0
2025-12-26,水井坊,SH600779,39.07,-1.83,-0.73,SH,18090.0,-2
2025-12-26,隆基绿能,SH601012,19.02,4.11,0.75,SH,18046.0,0
2025-12-26,云天化,SH600096,32.8,3.96,1.25,SH,17775.0,2
2025-12-26,淳中科技,SH603516,223.04,-0.88,-1.97,SH,17736.0,-1
2025-12-26,长光华芯,SH688048,141.14,-11.03,-17.5,SH,16971.0,-1
2025-12-26,特变电工,SH600089,23.46,1.43,0.33,SH,16249.0,0
2025-12-26,西测测试,SZ301306,122.6,10.97,12.12,SZ,16077.0,0
2025-12-26,海科新源,SZ301292,72.0,20.0,12.0,SZ,16042.0,0
2025-12-26,众生药业,SZ002317,20.06,2.92,0.57,SZ,15705.0,2
2025-12-26,赛力斯,SH601127,120.67,1.31,1.56,SH,15524.0,0
2025-12-26,斯瑞新材,SH688102,37.88,-1.81,-0.7,SH,15384.0,1
2025-12-26,摩尔线程-U,SH688795,617.3,-1.84,-11.56,SH,15346.0,3
2025-12-26,合兴包装,SZ002228,6.33,-3.36,-0.22,SZ,15202.0,0
2025-12-26,兆易创新,SH603986,226.97,2.24,4.97,SH,15192.0,-5
2025-12-26,北京君正,SZ300223,111.38,-2.35,-2.68,SZ,14975.0,-1
2025-12-26,永鼎股份,SH600105,25.88,9.99,2.35,SH,14788.0,1
2025-12-26,顺灏股份,SZ002565,15.69,0.84,0.13,SZ,14544.0,-1
2025-12-26,卧龙电驱,SH600580,46.49,1.57,0.72,SH,14392.0,0
2025-12-26,德明利,SZ001309,239.0,10.0,21.73,SZ,14285.0,0
2025-12-26,胜通能源,SZ001331,42.1,10.01,3.83,SZ,14201.0,0
2025-12-26,孚日股份,SZ002083,12.06,3.61,0.42,SZ,13747.0,0
2025-12-26,天普股份,SH605255,180.18,5.27,9.02,SH,13706.0,1
2025-12-26,京能电力,SH600578,5.38,3.26,0.17,SH,13681.0,2
2025-12-26,新易盛,SZ300502,445.3,-0.6,-2.69,SZ,13679.0,-2
2025-12-26,天赐材料,SZ002709,45.74,6.3,2.71,SZ,13642.0,1
2025-12-26,小米集团-W,01810,39.22,0.05,0.02,HK,13633.0,-2
2025-12-26,上海瀚讯,SZ300762,39.09,1.64,0.63,SZ,13352.0,0
2025-12-26,长盈精密,SZ300115,40.46,0.52,0.21,SZ,13338.0,0
2025-12-26,东方日升,SZ300118,15.7,5.72,0.85,SZ,13287.0,0
2025-12-26,C天溯计量,SZ301449,114.65,27.23,24.54,SZ,13197.0,0
2025-12-26,招商银行,SH600036,41.7,-0.19,-0.08,SH,13033.0,0
2025-12-26,乾照光电,SZ300102,24.3,-1.3,-0.32,SZ,12899.0,2
2025-12-26,恩捷股份,SZ002812,56.71,9.1,4.73,SZ,12874.0,3
2025-12-26,菲利华,SZ300395,104.21,-0.67,-0.7,SZ,12832.0,-2
2025-12-26,铜陵有色,SZ000630,5.93,7.43,0.41,SZ,12810.0,2
2025-12-26,宁德时代,SZ300750,374.43,0.38,1.42,SZ,12729.0,-3
2025-12-26,铂力特,SH688333,106.22,4.78,4.85,SH,12728.0,-2
2025-12-26,罗博特科,SZ300757,232.01,-6.38,-15.8,SZ,12611.0,0
2025-12-26,上海港湾,SH605598,68.09,10.0,6.19,SH,12524.0,1
2025-12-27,臻镭科技,SH688270,138.0,3.37,4.5,SH,52770.0,0
2025-12-27,中国卫星,SH600118,80.0,10.0,7.27,SH,43118.0,0
2025-12-27,航天发展,SZ000547,28.16,10.0,2.56,SZ,42982.0,0
2025-12-27,中国中免,SH601888,92.3,8.32,7.09,SH,38795.0,0
2025-12-27,紫金矿业,SH601899,33.53,4.68,1.5,SH,37720.0,0
2025-12-27,英伟达,NVDA,190.53,1.018,1.92,NASDAQ,35213.0,0
2025-12-27,兴业银锡,SZ000426,35.76,2.26,0.79,SZ,31748.0,0
2025-12-27,藏格矿业,SZ000408,85.33,7.19,5.72,SZ,26594.0,1
2025-12-27,国投白银LOF,SZ161226,2.524,-9.99,-0.28,SZ,26506.0,-1
2025-12-27,鹭燕医药,SZ002788,21.0,4.69,0.94,SZ,24053.0,0
2025-12-27,比亚迪,SZ002594,100.01,5.45,5.17,SZ,23006.0,0
2025-12-27,上海电力,SH600021,21.86,10.02,1.99,SH,22154.0,0
2025-12-27,通宇通讯,SZ002792,42.0,10.01,3.82,SZ,22065.0,0
2025-12-27,*ST铖昌,SZ001270,80.3,4.99,3.82,SZ,21101.0,2
2025-12-27,神剑股份,SZ002361,13.17,10.03,1.2,SZ,20982.0,0
2025-12-27,平潭发展,SZ000592,14.84,6.84,0.95,SZ,20777.0,-2
2025-12-27,信维通信,SZ300136,51.3,1.18,0.6,SZ,20231.0,0
2025-12-27,云天化,SH600096,32.8,3.96,1.25,SH,19699.0,0
2025-12-27,中矿资源,SZ002738,80.22,8.04,5.97,SZ,19075.0,0
2025-12-27,超捷股份,SZ301005,137.0,1.53,2.07,SZ,18941.0,1
2025-12-27,再升科技,SH603601,13.34,9.98,1.21,SH,18397.0,-1
2025-12-27,天际股份,SZ002759,49.5,10.0,4.5,SZ,18299.0,0
2025-12-27,烽火通信,SH600498,29.45,5.67,1.58,SH,18265.0,0
2025-12-27,江西铜业,SH600362,48.31,10.0,4.39,SH,17470.0,0
2025-12-27,阳光电源,SZ300274,181.08,7.86,13.2,SZ,16320.0,0
2025-12-27,特斯拉,TSLA,475.19,-2.1034,-10.21,NASDAQ,15766.0,0
2025-12-27,金风科技,SZ002202,19.69,2.71,0.52,SZ,14561.0,1
2025-12-27,英维克,SZ002837,110.59,-0.2,-0.22,SZ,14302.0,-1
2025-12-27,阿里巴巴,BABA,152.24,1.4528,2.18,NYSE,13575.0,2
2025-12-27,胜宏科技,SZ300476,291.99,-2.51,-7.52,SZ,13324.0,-1
2025-12-27,西部材料,SZ002149,46.78,1.26,0.58,SZ,13295.0,-1
2025-12-27,洛阳钼业,SH603993,19.75,5.61,1.05,SH,12866.0,0
2025-12-27,中际旭创,SZ300308,627.0,-2.0,-12.8,SZ,12741.0,0
2025-12-27,飞龙股份,SZ002536,30.92,-7.84,-2.63,SZ,12488.0,0
2025-12-27,海南发展,SZ002163,22.75,10.01,2.07,SZ,12426.0,0
2025-12-27,航天动力,SH600343,45.4,4.92,2.13,SH,12130.0,0
2025-12-27,中国铝业,SH601600,11.84,8.03,0.88,SH,12106.0,0
2025-12-27,国机重装,SH601399,5.08,-1.17,-0.06,SH,11773.0,0
2025-12-27,贵州茅台,SH600519,1414.13,0.0,-0.04,SH,11754.0,0
2025-12-27,东芯股份,SH688110,123.04,4.03,4.77,SH,11290.0,1
2025-12-27,航天电子,SH600879,19.47,4.62,0.86,SH,11125.0,-1
2025-12-27,嘉美包装,SZ002969,9.79,10.0,0.89,SZ,10973.0,0
2025-12-27,铜陵有色,SZ000630,5.93,7.43,0.41,SZ,10707.0,3
2025-12-27,河钢资源,SZ000923,21.18,5.48,1.1,SZ,10577.0,3
2025-12-27,多氟多,SZ002407,36.95,8.29,2.83,SZ,10566.0,-2
2025-12-27,天齐锂业,SZ002466,57.93,4.32,2.4,SZ,10505.0,-1
2025-12-27,浙江世宝,SZ002703,23.34,9.99,2.12,SZ,10480.0,-3
2025-12-27,国晟科技,SH603778,15.25,-4.03,-0.64,SH,10142.0,1
2025-12-27,中国卫通,SH601698,28.31,9.98,2.57,SH,9911.0,-1
2025-12-27,锋龙股份,SZ002931,23.82,10.02,2.17,SZ,9718.0,1
2025-12-27,赣锋锂业,SZ002460,68.57,3.69,2.44,SZ,9651.0,2
2025-12-27,工业富联,SH601138,63.84,-4.32,-2.88,SH,9603.0,0
2025-12-27,厦门国贸,SH600755,8.72,9.96,0.79,SH,9587.0,-3
2025-12-27,智光电气,SZ002169,10.65,2.6,0.27,SZ,9489.0,2
2025-12-27,小鹏汽车,XPEV,20.78,6.1829,1.21,NYSE,9477.0,0
2025-12-27,麦格米特,SZ002851,87.97,-4.87,-4.5,SZ,9474.0,-2
2025-12-27,Sidus Space,SIDU,1.93,-12.2727,-0.27,NASDAQ,9330.0,0
2025-12-27,霸王茶姬,CHA,11.9,-2.5389,-0.31,NASDAQ,9195.0,1
2025-12-27,新易盛,SZ300502,445.3,-0.6,-2.69,SZ,8991.0,1
2025-12-27,乾照光电,SZ300102,24.3,-1.3,-0.32,SZ,8843.0,-2
2025-12-27,赛力斯,SH601127,120.67,1.31,1.56,SH,8771.0,0
2025-12-27,鲁信创投,SH600783,21.1,10.01,1.92,SH,8737.0,2
2025-12-27,飞沃科技,SZ301232,139.0,10.32,13.0,SZ,8438.0,-1
2025-12-27,罗牛山,SZ000735,10.0,2.25,0.22,SZ,8402.0,-1
2025-12-27,中国平安,SH601318,71.16,0.51,0.36,SH,8295.0,0
2025-12-27,淳中科技,SH603516,223.04,-0.88,-1.97,SH,8211.0,3
2025-12-27,三花智控,SZ002050,47.3,-0.55,-0.26,SZ,8127.0,0
2025-12-27,摩尔线程-U,SH688795,617.3,-1.84,-11.56,SH,8117.0,-2
2025-12-27,中金黄金,SH600489,23.44,1.03,0.24,SH,8067.0,-1
2025-12-27,五粮液,SZ000858,109.78,-0.74,-0.82,SZ,7956.0,0
2025-12-27,美光科技,MU,284.79,-0.6593,-1.89,NASDAQ,7744.0,3
2025-12-27,特变电工,SH600089,23.46,1.43,0.33,SH,7726.0,0
2025-12-27,华盛锂电,SH688353,122.82,11.87,13.03,SH,7705.0,0
2025-12-27,永鼎股份,SH600105,25.88,9.99,2.35,SH,7674.0,-3
2025-12-27,北斗星通,SZ002151,42.17,9.99,3.83,SZ,7575.0,0
2025-12-27,中国移动,SH600941,100.84,0.33,0.33,SH,7401.0,0
2025-12-27,万科A,SZ000002,4.77,-0.42,-0.02,SZ,7374.0,0
2025-12-27,天普股份,SH605255,180.18,5.27,9.02,SH,7355.0,0
2025-12-27,赛微电子,SZ300456,57.32,-3.0,-1.77,SZ,7081.0,0
2025-12-27,昊志机电,SZ300503,46.72,7.6,3.3,SZ,7018.0,1
2025-12-27,斯瑞新材,SH688102,37.88,-1.81,-0.7,SH,6970.0,1
2025-12-27,小米集团-W,01810,39.22,0.05,0.02,HK,6964.0,3
2025-12-27,胜通能源,SZ001331,42.1,10.01,3.83,SZ,6927.0,-3
2025-12-27,隆基绿能,SH601012,19.02,4.11,0.75,SH,6858.0,0
2025-12-27,天银机电,SZ300342,33.7,4.76,1.53,SZ,6839.0,-2
2025-12-27,德明利,SZ001309,239.0,10.0,21.73,SZ,6693.0,3
2025-12-27,海科新源,SZ301292,72.0,20.0,12.0,SZ,6690.0,1
2025-12-27,华菱线缆,SZ001208,23.86,3.02,0.7,SZ,6667.0,-1
2025-12-27,格力电器,SZ000651,40.76,-0.37,-0.15,SZ,6635.0,2
2025-12-27,盐湖股份,SZ000792,28.99,2.95,0.83,SZ,6623.0,0
2025-12-27,孚日股份,SZ002083,12.06,3.61,0.42,SZ,6439.0,2
2025-12-27,沐曦股份-U,SH688802,619.7,-3.61,-23.24,SH,6406.0,-6
2025-12-27,生益科技,SH600183,74.5,5.4,3.82,SH,6387.0,-1
2025-12-27,中核科技,SZ000777,25.81,10.02,2.35,SZ,6374.0,0
2025-12-27,横店东磁,SZ002056,19.8,1.49,0.29,SZ,6195.0,68
2025-12-27,恒力石化,SH600346,21.27,2.56,0.53,SH,6129.0,1
2025-12-27,招商银行,SH600036,41.7,-0.19,-0.08,SH,6083.0,-1
2025-12-27,上海瀚讯,SZ300762,39.09,1.64,0.63,SZ,6074.0,0
2025-12-27,卧龙电驱,SH600580,46.49,1.57,0.72,SH,6065.0,-4
2025-12-27,剑桥科技,SH603083,126.77,0.77,0.97,SH,6049.0,-1
2025-12-28,横店东磁,SZ002056,19.8,1.49,0.29,SZ,38888.0,0
2025-12-28,紫金矿业,SH601899,33.53,4.68,1.5,SH,30287.0,0
2025-12-28,兴业银锡,SZ000426,35.76,2.26,0.79,SZ,24729.0,0
2025-12-28,中矿资源,SZ002738,80.22,8.04,5.97,SZ,22633.0,0
2025-12-28,臻镭科技,SH688270,138.0,3.37,4.5,SH,21002.0,0
2025-12-28,中国卫星,SH600118,80.0,10.0,7.27,SH,17899.0,0
2025-12-28,信维通信,SZ300136,51.3,1.18,0.6,SZ,17866.0,0
2025-12-28,鹭燕医药,SZ002788,21.0,4.69,0.94,SZ,15493.0,0
2025-12-28,航天发展,SZ000547,28.16,10.0,2.56,SZ,15454.0,0
2025-12-28,烽火通信,SH600498,29.45,5.67,1.58,SH,13771.0,0
2025-12-28,云天化,SH600096,32.8,3.96,1.25,SH,13603.0,0
2025-12-28,盐湖股份,SZ000792,28.99,2.95,0.83,SZ,13130.0,0
2025-12-28,东芯股份,SH688110,123.04,4.03,4.77,SH,12964.0,1
2025-12-28,中国中免,SH601888,92.3,8.32,7.09,SH,12686.0,-1
2025-12-28,通宇通讯,SZ002792,42.0,10.01,3.82,SZ,12252.0,1
2025-12-28,藏格矿业,SZ000408,85.33,7.19,5.72,SZ,12192.0,-1
2025-12-28,江西铜业,SH600362,48.31,10.0,4.39,SH,11454.0,0
2025-12-28,比亚迪,SZ002594,100.01,5.45,5.17,SZ,11176.0,0
2025-12-28,贵州茅台,SH600519,1414.13,0.0,-0.04,SH,9944.0,0
2025-12-28,欣旺达,SZ300207,29.75,0.75,0.22,SZ,9817.0,1
2025-12-28,洛阳钼业,SH603993,19.75,5.61,1.05,SH,9795.0,1
2025-12-28,金风科技,SZ002202,19.69,2.71,0.52,SZ,9741.0,-2
2025-12-28,神剑股份,SZ002361,13.17,10.03,1.2,SZ,9163.0,4
2025-12-28,国机重装,SH601399,5.08,-1.17,-0.06,SH,9153.0,-1
2025-12-28,格力电器,SZ000651,40.76,-0.37,-0.15,SZ,9139.0,0
2025-12-28,孚日股份,SZ002083,12.06,3.61,0.42,SZ,9115.0,-2
2025-12-28,超捷股份,SZ301005,137.0,1.53,2.07,SZ,8957.0,-1
2025-12-28,中国平安,SH601318,71.16,0.51,0.36,SH,8737.0,0
2025-12-28,*ST铖昌,SZ001270,80.3,4.99,3.82,SZ,8529.0,0
2025-12-28,天际股份,SZ002759,49.5,10.0,4.5,SZ,8432.0,1
2025-12-28,国投白银LOF,SZ161226,2.524,-9.99,-0.28,SZ,8410.0,-1
2025-12-28,赣锋锂业,SZ002460,68.57,3.69,2.44,SZ,8262.0,0
2025-12-28,宏达股份,SH600331,12.75,2.66,0.33,SH,8029.0,2
2025-12-28,阳光电源,SZ300274,181.08,7.86,13.2,SZ,7999.0,-1
2025-12-28,鲁信创投,SH600783,21.1,10.01,1.92,SH,7977.0,-1
2025-12-28,中核科技,SZ000777,25.81,10.02,2.35,SZ,7737.0,0
2025-12-28,寒武纪-U,SH688256,1303.89,-1.18,-15.52,SH,7680.0,1
2025-12-28,中国铝业,SH601600,11.84,8.03,0.88,SH,7675.0,-1
2025-12-28,特变电工,SH600089,23.46,1.43,0.33,SH,7276.0,1
2025-12-28,英维克,SZ002837,110.59,-0.2,-0.22,SZ,7258.0,-1
2025-12-28,万科A,SZ000002,4.77,-0.42,-0.02,SZ,7055.0,0
2025-12-28,万华化学,SH600309,76.98,0.35,0.27,SH,6964.0,0
2025-12-28,厦门国贸,SH600755,8.72,9.96,0.79,SH,6916.0,4
2025-12-28,胜宏科技,SZ300476,291.99,-2.51,-7.52,SZ,6903.0,-1
2025-12-28,淳中科技,SH603516,223.04,-0.88,-1.97,SH,6846.0,-1
2025-12-28,中国移动,SH600941,100.84,0.33,0.33,SH,6820.0,-1
2025-12-28,再升科技,SH603601,13.34,9.98,1.21,SH,6728.0,-1
2025-12-28,多氟多,SZ002407,36.95,8.29,2.83,SZ,6520.0,0
2025-12-28,中际旭创,SZ300308,627.0,-2.0,-12.8,SZ,6485.0,0
2025-12-28,铜陵有色,SZ000630,5.93,7.43,0.41,SZ,6434.0,0
2025-12-28,天齐锂业,SZ002466,57.93,4.32,2.4,SZ,6356.0,0
2025-12-28,智光电气,SZ002169,10.65,2.6,0.27,SZ,6289.0,3
2025-12-28,上海电力,SH600021,21.86,10.02,1.99,SH,6211.0,-1
2025-12-28,平潭发展,SZ000592,14.84,6.84,0.95,SZ,6044.0,-1
2025-12-28,航天电子,SH600879,19.47,4.62,0.86,SH,6038.0,-1
2025-12-28,美团-W,03690,103.2,0.0,0.0,HK,5994.0,4
2025-12-28,海南发展,SZ002163,22.75,10.01,2.07,SZ,5960.0,-1
2025-12-28,天银机电,SZ300342,33.7,4.76,1.53,SZ,5905.0,-1
2025-12-28,五粮液,SZ000858,109.78,-0.74,-0.82,SZ,5864.0,-1
2025-12-28,恒力石化,SH600346,21.27,2.56,0.53,SH,5778.0,3
2025-12-28,宁德时代,SZ300750,374.43,0.38,1.42,SZ,5753.0,1
2025-12-28,航天动力,SH600343,45.4,4.92,2.13,SH,5694.0,-1
2025-12-28,长江电力,SH600900,27.64,0.0,0.0,SH,5618.0,1
2025-12-28,英伟达,NVDA,190.53,1.018,1.92,NASDAQ,5416.0,2
2025-12-28,派克新材,SH605123,100.5,2.66,2.6,SH,5291.0,0
2025-12-28,浙江世宝,SZ002703,23.34,9.99,2.12,SZ,5277.0,3
2025-12-28,国晟科技,SH603778,15.25,-4.03,-0.64,SH,5259.0,1
2025-12-28,华盛锂电,SH688353,122.82,11.87,13.03,SH,5203.0,1
2025-12-28,招商银行,SH600036,41.7,-0.19,-0.08,SH,5203.0,-1
2025-12-28,工业富联,SH601138,63.84,-4.32,-2.88,SH,5192.0,1
2025-12-28,飞龙股份,SZ002536,30.92,-7.84,-2.63,SZ,5134.0,5
2025-12-28,罗牛山,SZ000735,10.0,2.25,0.22,SZ,5092.0,1
2025-12-28,宝钛股份,SH600456,37.89,2.99,1.1,SH,5090.0,-14
2025-12-28,京能电力,SH600578,5.38,3.26,0.17,SH,5071.0,-2
2025-12-28,西部水泥,02233,2.86,0.0,0.0,HK,5033.0,0
2025-12-28,西部材料,SZ002149,46.78,1.26,0.58,SZ,4883.0,-2
2025-12-28,红利低波ETF,SH512890,1.175,-0.25,-0.003,SH,4879.0,0
2025-12-28,泡泡玛特,09992,200.2,-0.1,-0.2,HK,4868.0,1
2025-12-28,赛力斯,SH601127,120.67,1.31,1.56,SH,4862.0,-1
2025-12-28,盛屯矿业,SH600711,14.85,4.14,0.59,SH,4728.0,1
2025-12-28,金陵药业,SZ000919,7.72,2.93,0.22,SZ,4723.0,-1
2025-12-28,小米集团-W,01810,39.22,0.05,0.02,HK,4703.0,0
2025-12-28,迈瑞医疗,SZ300760,199.99,-0.71,-1.44,SZ,4579.0,2
2025-12-28,三花智控,SZ002050,47.3,-0.55,-0.26,SZ,4475.0,-1
2025-12-28,锋龙股份,SZ002931,23.82,10.02,2.17,SZ,4467.0,5
2025-12-28,麦格米特,SZ002851,87.97,-4.87,-4.5,SZ,4463.0,-2
2025-12-28,钧达股份,SZ002865,54.87,10.0,4.99,SZ,4371.0,-1
2025-12-28,中远海控,SH601919,15.24,0.46,0.07,SH,4256.0,0
2025-12-28,皖能电力,SZ000543,8.82,1.38,0.12,SZ,4225.0,0
2025-12-28,中金黄金,SH600489,23.44,1.03,0.24,SH,4209.0,-3
2025-12-28,药明康德,SH603259,92.7,0.83,0.76,SH,4181.0,0
2025-12-28,天普股份,SH605255,180.18,5.27,9.02,SH,4143.0,3
2025-12-28,康方生物,09926,112.6,-0.62,-0.7,HK,4141.0,1
2025-12-28,杰瑞股份,SZ002353,75.13,6.13,4.34,SZ,4068.0,-2
2025-12-28,斯瑞新材,SH688102,37.88,-1.81,-0.7,SH,4059.0,-2
2025-12-28,北斗星通,SZ002151,42.17,9.99,3.83,SZ,4047.0,1
2025-12-28,片仔癀,SH600436,170.2,-0.02,-0.04,SH,4030.0,1
2025-12-28,乾照光电,SZ300102,24.3,-1.3,-0.32,SZ,4023.0,-2
2025-12-28,海科新源,SZ301292,72.0,20.0,12.0,SZ,3958.0,2
2025-12-28,新易盛,SZ300502,445.3,-0.6,-2.69,SZ,3926.0,-1
